Index,Clue,Solution,gemma_predicted
135430,"Achy shaking stopped by iodine, salt and kaolin",chinaclay,assemblage
93485,Paid the bail for a sound woman,freda,assemblage
77103,"In Germany, thin girls can eat this!",anything,container
72429,Old official partial to free verse,reeve,hidden word
42357,Coarse-sounding son's in the wilderness,dessert,container
14535,Turns up in chilly surroundings yet well received,popular,assemblage
126864,Foreign currency racket completely disheartened auditor,dinar,assemblage
1059,The fellow apprehending one felon,thief,container
112931,Dames popular with sailors?,broads,double definition
21744,Last year's leaders entertained by regular journalist,evelyn,container
3077,Butcher breaks bent pan,skillet,container
49144,Improved a carving with direction,cameon,assemblage
33191,"'s ""a hairy man"", speaking in child's play",seesaw,assemblage
39603,Bend down to king in Chesterfield,crouch,container
65864,"Message left in note, eg ""Castle in the morning""",telegram,assemblage
39500,A weightwatchers' congress?,diet,double definition
15496,"Dim clue reset by compiler finally for ""cimbalom""",dulcimer,anagram
116403,"In the chair, restraining Democrat under influence of drugs",sedated,container
7713,"Horny beast imagined finding garment ripped, models having fled",unicorn,assemblage
65892,Sword giving enemy cut to one leg,foil,assemblage
47168,"Very cutting, but inviting riposte",twoedged,double definition
139673,Pays for food after treasurer cleared out,treats,container
88123,Poet's round - very one just cited,ovid,assemblage
25643,Academic sinecures?,easychairs,double definition
117,Girl rejected in family rebellion,beryl,hidden word
102698,On which the unemployed needed drink or warm brew before church,jarrowmarch,assemblage
140405,Australian birds scrub duds,brushturkeys,assemblage
109857,Number of copies produced of picture for all to see in the navy,printrun,assemblage
56259,Dubious moment to go topless,iffy,assemblage
78909,Uncommon pronoun,royalwe,assemblage
117476,What's worn by Amazons as custodians?,wardresses,assemblage
111029,Tries hard with a cereal,hasago,assemblage
47761,It's suitable in public,exoteric,double definition
14041,Injure a black beetle,scarab,assemblage
71248,Cabinet minister provides rally in disaster,lordprivyseal,assemblage
82116,One way to get team something in a pie,mincemeat,assemblage
66596,Advertising in advance,promotion,double definition
62747,Oddball wants to perform on dam,weirdo,assemblage
88285,Grow increasingly furious with puzzle,bewilder,assemblage
104275,No good at making pudding,duff,double definition
113355,ATM George misused as source of money,mortgagee,anagram
124178,Mason's fermented juice?,perry,double definition
120504,Expression of surprise at topless Winnie,ooh,assemblage
131856,Band crew/outfit leaders on road - useful for light adjustment,sashcord,assemblage
51680,Top man secures first place for author,kipling,assemblage
36053,Turkish leader about to conclude the business,agenda,assemblage
142129,Motor enthusiast modifies other pedal,petrolhead,anagram
15514,Star surprisingly is over a year missing,astray,assemblage
30402,One of the Stones appearing worn - affected by the drink?,pebble,double definition
12866,See animal go wild in the bush,magnolia,anagram
86325,Figure seizing hotel involved in fund-raiser,telethon,anagram
41678,The old racer racing around Italy?,charioteer,anagram
53157,What Mrs Sprat might do with rabbit,chewthefat,double definition
36723,Carry on in the theatre,operate,double definition
123534,Double up refashioning citadel walls,duplicate,anagram
8288,Feel sorry when soldiers get to guard Roundhead,regret,container
24258,"Irritates spaniel's head, which is uncalled for",needless,assemblage
26394,Temporarily relocate help,second,double definition
51064,Coming to no conclusion,endless,double definition
39018,"Rising artist, ignoring society, matured",aged,anagram
137241,Brilliance of one of Elgar's Variations,glare,anagram
71008,Think of son being corrupted in drink,consider,anagram
30362,Temporary work welcomed by young boxer?,popup,container
121272,Name and return address in America,dub,anagram
60674,Where one is involved as an ex-president,eisenhower,anagram
2115,Bird of prey,raven,double definition
124142,Country girl briefly eating duck,laos,container
112643,Found out such appliances are dangerous,unearthed,double definition
30742,I take five outside to do test again,resit,assemblage
139806,Midsummer Day ends with a group of sailors,rya,assemblage
87240,"Place order, getting from pick-up to destination, showing self-possession",aplomb,assemblage
48018,"Unusually irate, not otherwise disposed to attack",tearinto,anagram
56653,Scrap a piece of classical music,raga,assemblage
90180,Trophy girls tricked into serious predicament,sorryplight,anagram
40199,Doubt one may be apprehended,suspect,double definition
25715,Noble's wayward cousin hugged by retired transvestite,viscount,container
112535,Novel with first part abbreviated: unruly mob around me aren't consistent,mmebovary,assemblage
42571,Some women's double confinement - insane!,sabine,hidden word
9639,Continue to strike a man,ramon,assemblage
41758,Second in importance,moment,double definition
99593,"Part of Tennessee Williams' last ""hip"" production: morose, electrifying Marlon initially in the lead",memphis,assemblage
111136,Assembled tediously for amateurish work,doityourself,anagram
7013,Tension disturbed rest on ship,stress,assemblage
3711,Go really wild with a symbolic tale,allegory,anagram
107759,"Utters a dictum, so there's nothing missed",says,assemblage
81319,Primate with cross in position of eminence,apex,assemblage
112041,Chap sadly back around houses in Spanish city,salamanca,assemblage
62445,"Set well back, marsh east of Senegalese capital",stiffen,assemblage
137544,Grouped together with a retired joiner,banded,double definition
11241,Drink without a container sent back source of milk,coconut,assemblage
105358,"Writer in a hurry to do so, too",rushdie,assemblage
75815,Make an effective stab at providing a short survey,runthrough,double definition
119085,"Residence in block, a squat",bungalow,assemblage
26973,"Subscribed to the ""Listener"" and the ""Pantheon"", say",rotunda,double definition
87379,"A slippery customer, the winter sportsman!",skier,double definition
79884,No laughs disrupted Evert's closing attack,onslaught,assemblage
11494,Listened when eccentric signed on,enlisted,anagram
136017,Disciples are against books by stars,votaries,assemblage
85137,Whom beer affected should keep away from it!,homebrew,anagram
140113,He scripted nice revised report of spoken words,indirectspeech,anagram
97645,A politician's current measure,amps,assemblage
49653,Society follows better customs,mores,assemblage
132156,Range of dumps accommodating virile blokes by day,themendips,container
63736,Knock cap off sleeping policeman,hump,double definition
68452,Turn and hide glass,windscreen,assemblage
27894,Reportedly waited around grave,staid,double definition
47499,Put up rainwear in a swindle,scam,double definition
46777,Country song about American getting back from Detroit,austria,container
110387,Briefly contemplate a chop reserved for Spaniard's meal,gazpacho,assemblage
33300,"Write, for instance, ""to rise"" as your answer?",getup,double definition
134309,Holder and others sounded greatly impressed,slayed,double definition
3418,A buddy rejects sport for which he's not paid,amateur,assemblage
76110,Virgil's lines against leaving heaven during tide change,theaeneid,assemblage
12579,Benefit favouring the healthy,profit,assemblage
53052,Fish ate weed,haddock,assemblage
6637,One vintage port that's perfect,ideal,assemblage
75375,Parliament success: what about Mr Coe? Negative,naseby,assemblage
101963,Where to hole a vessel among the fleet,amidships,assemblage
51733,Where accidents are affecting the roses,blackspot,double definition
91152,"In tight spot, swear!",plight,double definition
137716,Fiddle with French car that's dropping back,fraud,assemblage
136954,One hesitates to revive English leader after knockout,anaesthetise,assemblage
54535,Morse's last case stirring up memories,evocative,anagram
2975,Spoken for a large section,oral,hidden word
24929,Night is unusual source of enlightenment,insight,anagram
14556,The bicycle provided for coppers at one time,pennyfarthing,assemblage
78921,Poem about Ulysses essentially at end of Troy,odyssey,assemblage
46124,Backward country's government relinquished control,rein,assemblage
95281,"""Country mania"" is touring round in the same place",namibia,anagram
46199,Cooked potato with cold joint,chip,double definition
56548,Fooled by absorbing Resistance story,hardtimes,container
107238,Bar containing drop of liquid comfort,salve,container
18147,Cautionary cry in Somerset,watchet,assemblage
101319,Lionesses becoming silent,noiseless,anagram
83781,Lack of control in a Hackney report,ataxy,assemblage
63341,Heartlessness and senselessness about olfactory offensiveness,inhumanity,container
83831,Live in red wellies?,dwell,hidden word
135550,"Ruin what you do, separating messily in NYC",insolvency,assemblage
89259,"Better old city parking, as on board?",surpass,assemblage
131774,How one may make progress on one's feet,insteps,assemblage
118699,"Awake, went out rejuvenated",updated,assemblage
49154,Give up because of one's self-image?,forego,assemblage
33759,Bishop has to dismiss rising resistance to church,exarch,assemblage
88824,Unpleasant period having fibre to eat,roughage,assemblage
36873,One may have a fair throw at it,coconutshy,assemblage
136427,They're not static water towers,tugboats,assemblage
1091,"""Caine Mutiny"" originally flickered here",cinema,anagram
20590,"Very strict cook, marginally improved",rigid,assemblage
134666,"God's dog and ten animals I slam in a net, perhaps?",palindromes,double definition
27022,"Silver and jade, like Yeatsian midnight",aglimmer,assemblage
35372,Enormous scratch by the ear,great,double definition
68631,Ascetic almost spoiled food,yoghurt,assemblage
41246,Bird's heavy defeat overturned,linnet,anagram
52780,A despatch note?,deathwarrant,assemblage
113746,Influence of Tory boor,clout,assemblage
97348,"If that's really the hat you want, I'm not stopping you",onyourheadbeit,assemblage
103047,Firm recalled watchmaker at noon for special event,occasion,assemblage
83563,Cast supporting the Queen's Speech?,thrown,anagram
130037,Agency worker almost the last word in saucy humour,temperament,assemblage
58815,Sexy bottom? It might encourage rapid but unwelcome developments,hotbed,assemblage
60290,Secure forward position,lock,double definition
7214,"Each hoop, but only every other ring",echo,hidden word
120027,Off day? That is criminal,baddie,assemblage
98299,It is difficult being so sensitive,ticklish,double definition
131905,"God, who's flipping cut grass that's already been cut and dried?",yahweh,assemblage
130470,Model curtsied for starters,crudites,anagram
134320,How rifles may be carried by soldiers not wanted in retreat,ported,anagram
8075,Dog mounting sheep,mutton,assemblage
116464,"Having broken a personal record, though on the decline",pastonesbest,double definition
90907,What the publican calls late on many occasions,timeaftertime,assemblage
92289,They watch as three points can go to Golf driver,sentinels,assemblage
27833,Finish urge - that woman will,eggshell,assemblage
87664,"Gather together in the morning, when heading to school",amass,assemblage
136259,Current tests pushed back repressive force,stasi,assemblage
6256,Scandal in the sluice,watergate,double definition
45346,Relish an Indian addition to the meal,chutney,double definition
59282,Cut off and also tie off,isolate,anagram
121944,Quoted poet sounds like Mary's garden,shelly,double definition
45328,Judge a royal nipper,arbiter,assemblage
139462,"Began turning up carrying cargo, initially of spoils",detracts,container
134097,Best of United's wingers running round Hearts scorer?,georgegershwin,assemblage
50807,A reward for the taking?,priceononeshead,double definition
97538,"Came across a sailor, oddly skin and bones",metatarsi,assemblage
119876,Official order to blockade islands when there's a disturbance,incident,assemblage
102393,Distress with endless problems one day before,aggrieve,assemblage
110550,Display unit of wine and spirits,reddevils,assemblage
99967,Get a bit of a sore back tossing it?,caber,hidden word
134682,Cheers solvers are barred from getting,youshouldnthave,double definition
43900,Identifying pattern that's bound to squash one irritant,signature,container
114055,Boatman in youth given order to vacate land,navalcadet,assemblage
94794,Nothing to bone of bones,osteal,assemblage
12544,One gets up flowers,irises,assemblage
91690,Performance of capital detachment,execution,double definition
50572,Free husband,save,double definition
17405,Vivacity normal in retreating deer,sparkle,container
38373,Small and delicate,slight,double definition
29441,Calm North Yorkshire town,settle,double definition
142364,Ideal version of Mexican pearl one's able to 'disappear',exemplar,anagram
28275,Prepare for scan on the Fourth of July,ready,assemblage
49815,Drunken men docked in early naval vessel,minelayer,anagram
64787,"Apart from Spanish white wine, mostly French white wine",barsac,assemblage
78750,Paid pounds for something at auction,gavel,assemblage
45235,Gamble a great deal on a patched-up tyre,lottery,assemblage
136950,Let's see those teeth beginning to decay - I weep on failing to contain it,openwide,anagram
34965,Jack's screwdriver?,propeller,double definition
80812,One's inclined to strike with Popular Front,ramp,assemblage
328,Smooth limb at end of torso,legato,assemblage
89801,Hood hardly ever appears over nothing,scarface,container
101752,"Restricted middle section used to be soft, then it was revised",waspwaist,assemblage
132261,Contract gamble upset live broadcaster?,beeb,assemblage
17691,Like to take one to a region where Jesus was born,asia,assemblage
133184,Excite poorly-fed bird first,titillate,assemblage
125621,Crew men showing little variation in strokes,stokers,anagram
66079,Is it after five or later he calls?,visitor,anagram
86199,Alumnus sitting with Scarface is haunted,obsessional,assemblage
134995,Name-dropping Dubliner shattered and put back together,rebuild,anagram
114209,"Discreet, caught in bad fault",tactful,container
12053,"Listener's home, the grave?",earnest,assemblage
134455,Pain he's suffering to get fit,inshape,anagram
90639,Furnace where link is forged,kiln,anagram
132191,"When pressed, manages passes",getsby,assemblage
89291,"Cast my anchor in Norway, say",monarchy,anagram
120780,"Shows insubordination, giving support to negotiations",talksback,assemblage
3128,"Clifftop home creepy, we hear?",eyrie,double definition
25985,One bombardier gets in before another,encore,assemblage
87722,Writer improperly abridged,amis,assemblage
19647,Old empress giving away last instrument,ocarina,assemblage
115851,Struggle across line to finish,complete,container
95875,President exchanges vote for new fabric,ninon,assemblage
56748,She surprised Alice,celia,anagram
49003,Sort of nut that is loose,untie,anagram
119926,Warning to speculators on gravy train ?,mindthegap,double definition
102140,"Floater, one joining church to criticise",icepan,assemblage
103076,Function applied to cube with no fixed date,sinedie,assemblage
13659,Wanted revolutionary to support sideshow,desired,assemblage
43509,Herod's son to gain entree to Rome ?,antipasto,assemblage
123013,"Lawless one meeting end in electric chair, perhaps",anarchic,assemblage
136829,"Hacking, will fear this security measure?",firewall,anagram
83431,Odd people in error in Eden,originalsin,assemblage
37022,Wrinkles between features in a premature state,earliness,container
98100,A marvellous idea taking off in dream,aspiration,double definition
46325,It's cryptic woman's paper,tissue,double definition
54257,"Squeeze round corners, leaning heads skywards in ravine",gulch,assemblage
40368,Make new arrangements for the holiday place,resort,double definition
33788,I follow through with spirit,peri,assemblage
121561,"After head start, wind up on winners' tail: put your shirt on them?",hangers,assemblage
101215,Come down to earth about p-payment for a sweet,toffeeapple,container
11830,Doctor can sue for time to redeem foreign bills,usance,anagram
41398,Acts as executor - some teachers want to,beheads,double definition
81250,"With belly in unusually bad order, lain over",abdominal,anagram
13238,Motorists seen in distance - it's inexplicable,miracle,container
130168,Cosy conga (line dancing?),congenial,anagram
89373,Quarrel can get personal in place like Harrogate,spatown,assemblage
22648,The end of the New Testament,amen,double definition
103162,Type of verse inspired by daemon or Hymen,monorhyme,hidden word
12944,Abrasive doctor appears extremely narked,sandpaper,anagram
26545,I mostly remain in agreement in believing in God,deistical,container
11832,Time permitted for transferring note in dubious cause,usance,anagram
61851,Astonished by one-way fold,awestruck,assemblage
70788,"Mammals (the last shall be first), named like Washington, say",eponymous,assemblage
112205,Displace journalist that has complaint about energy,edgeout,container
88354,"Former eastern country, catching bug, going west with eastern dressing",mayonnaise,assemblage
60106,Certainly bound to be different,nodoubt,anagram
42965,Emitting light from silver base,aglow,assemblage
59209,"Sad, losing out in this sliding scale",glissando,anagram
120891,Floods spread sludge around Mile End,deluges,anagram
116963,"Taking public transport back to worker after ten, he pays part of lease",subtenant,assemblage
87505,"Argument tense, blowing top",tiff,assemblage
52288,Rubber reported by my sister in Paris?,masseur,double definition
68732,Prompt service for TV presenters,idiotboard,assemblage
260,Provincial half of army behind endless abuse,insular,assemblage
71142,Poet having gone short of books,abse,assemblage
104224,Numbers of a nonstarter,nono,assemblage
69095,Blue wine is a washout,sadsack,assemblage
20326,A daughter in French port finally off? Not so fast!,andante,assemblage
47811,Artists apply to less than saintly monk,rasputin,assemblage
4871,Charming and delicate female seen in reflection of river,elfin,container
85426,Mechanism for turning right in an agitated state,lather,assemblage
107684,Composer's scornful work not given run,satie,assemblage
139214,Over the moon here to have secret room,deepspace,assemblage
83334,"Crude, Puck? Not at first, with well-connected people",oilmen,assemblage
140963,Actor with sheet sings from the bottom,filmstar,assemblage
99777,The work yet to come from PL for truly harmon-ious movement,poetryinmotion,assemblage
111745,"Dead popular thought, disposing of male!",insentient,assemblage
83741,"Sailor, soldier and girl join in dance",tarantella,assemblage
2591,A representative business,agency,double definition
62314,Snakes top their opposites,adders,double definition
35240,Hair and metallic mineral stink,furore,assemblage
51626,A hard thing to catch,nail,double definition
77728,"Superior selection of wines, we hear, which has sold a lot",bestseller,assemblage
14218,Circulator to bear losing head,eddy,assemblage
93701,Where people go in for charms,entrances,double definition
102896,Soul music?,spiritual,double definition
84115,Are spades imported to make tracks?,exist,anagram
127215,As might be brakes of tank with coil rotation,antilock,anagram
20346,"First letter is open, perhaps letter from abroad",epsilon,assemblage
44148,Bridge team that's in switched-off state - it can't last,transience,assemblage
115544,Gym instruction by top man in place of games once,peking,assemblage
91339,More than is required for six deliveries?,overcapacity,assemblage
30758,The keynote to good health?,tonic,double definition
54355,"Writer, a good man, seen inside foreign restaurant",bistro,container
39461,"Flies parted, I pissed",diptera,anagram
12774,Dragged to the altar?,towed,double definition
87168,Confinement which sounds yellow?,custody,double definition
28479,A building in Slough,shed,double definition
549,Pain beginning to hurt in one,ache,container
35103,United supporters come back in a mess,snafu,assemblage
100634,Poem about mountains given top grade -- sparkling stuff,orangeade,container
79676,Make use of the quality of diamonds - without diamonds,harness,assemblage
116745,Hit I have in a regular series,successive,assemblage
60699,Indeed a complicated case gets passed over,deceased,anagram
31298,"Communication with naked ladies, say",email,anagram
67248,Aspect of Spain no fiction's written about,facet,hidden word
49328,Salad dressing envied,endive,anagram
42522,Insects delightful? Not one - that's right!,licence,assemblage
131796,Mate rounded Cape unnoticed,hubby,assemblage
62123,Indian sage that's been topped and crushed by child's mother,mahatma,assemblage
10169,Nation in plan to lose weight,india,assemblage
131081,"In a maddening way, shrewd Brown standing inside",frustratingly,container
102936,"No good in house that lacks order, if untidy - might this help?",fengshui,anagram
129531,Emission - tax to the limit,exhaust,double definition
78366,Factory philosopher,mill,double definition
110915,Lady golfer embraces feminist model in smart dress,whitetie,assemblage
33803,Tot's taking mother across river,dram,assemblage
31731,"Wild duck swallows English dram, if dry",teetotal,container
117834,Order a course,sequence,double definition
63174,The black arts conceal trap that's attractive,magnetic,hidden word
9566,Volunteers to return sombre tunic,tabard,assemblage
46683,Where Horatio asked for the kiss of death?,trafalgar,double definition
39851,He fails to show up the defect in the return pipe,defaulter,container
104675,Graphic artist uses wire and string,signwriter,assemblage
103706,Stock owner can let charter lapse,cattlerancher,anagram
74952,Made up a number,composed,double definition
108257,Be punctilious having to get back for the fish,stickle,double definition
2174,Herb in paper covering's behind the salt,tarragon,assemblage
90362,Article comes together for Guardian messengers?,angels,assemblage
134957,Old tray I renovated with skill,adroitly,anagram
89346,Some auxiliary bones,ilia,hidden word
77048,Deliver a blackbird,bowl,double definition
83569,Thin binding weed - it's what's observed on road,speedlimit,assemblage
121660,"Sweet where OAP is in EastEnders, perhaps?",afters,assemblage
91077,Dress up a day in advance for lover,girlfriend,assemblage
78770,Uncalled for correspondence,deadletter,double definition
1543,Community to pay workers overtime,settlement,double definition
91842,Spending allowance to be cut in move,budge,container
12080,Lie concerning strength of character,fibre,assemblage
121128,Scruffy label on scruffy item of clothing,ragtag,assemblage
1478,Snick a boundary,edge,double definition
90127,Giving medical treatment to stray pet held,dosing,container
75508,"A day in dopey stupor, endlessly like t-h-i-s?",spacedout,double definition
43685,Player with no time for a bet,fluter,container
120450,Priest's crime taking time in a clerical residence,parsonage,assemblage
28758,"A stroke by a batsman going for a run, perhaps?",ondrive,double definition
134058,Harry and Henry nabbed by someone not in uniform,chivvy,container
1454,"Entire NHS in trouble, losing ten to bruise",shiner,anagram
102609,"Suffering different elements, primarily hail",hellothere,assemblage
120426,Prime made out to include another,seven,container
98043,Occasion to eat a piece of cake,picnic,double definition
91484,Composer left a little bit of nonsense,fallal,assemblage
44396,No time for Mister Scrooge,miser,container
77843,Sailors sought by TV producer,ratings,double definition
5419,Core of expedition is a long way off,afar,hidden word
121029,Sydney's landmark before building works?,operahouse,double definition
21197,About to experience the finale of William Tell,inform,assemblage
15736,"Opening for a salesman turned up, true to form",aperture,assemblage
33877,Noble brew of ale that's about right,earl,anagram
85944,Biblical dupe keeping bridge players up with sense of foreboding,unease,container
102268,Strangler with soldiers going around in band,garroter,container
84522,"Position of king, plus heir, ousted",rulership,anagram
25655,"Enter Dotty, with bird's dance movement",entrechat,assemblage
142265,Cry out for the old record format,yelp,assemblage
102328,Not even a soldier,irregular,double definition
56118,"Petit dejeuner, one tucked away by worker in a bad mood?",croissant,assemblage
132272,"After a drink, German enthusiast gets a biscuit",gingernut,assemblage
15122,Drink for each returning academic,pernod,assemblage
72759,"To be lying here, it's serious!",grave,double definition
9582,Top-class detectives initially left in clear,lucid,assemblage
38158,Run member of pack over,flow,anagram
32745,A-class grass,alfa,double definition
46160,Primitive sailor of marked individuality,aboriginal,assemblage
44642,How ill was the reviewer?,critically,double definition
116989,Parent with fruit,papaw,assemblage
88477,"'To the bride', perhaps, in German (Browning)",toasting,double definition
58349,Travel through East End district with offensive weapon,crossbow,assemblage
102947,Bones in the head all turned to point,patellae,assemblage
82828,Mark Antony's extreme spirit,brandy,assemblage
133038,"Go for somewhere in Scotland, as Dickens character",pickwick,assemblage
138620,Manual actions in service taking a long time,massages,container
24289,Penny has beer and pasty,pale,assemblage
2119,Is young Blair a supporter? Insert number in Irish Sea,isleofman,assemblage
31193,Prince not turning up for dance,charleston,assemblage
130810,Joint drinks parties,kneesups,assemblage
123507,Cats finally sounding happy? That's encouraging,spurring,assemblage
26494,"European composer, in recital, has things to do",checklist,container
64343,Clothing society suffering legal action,shellsuit,assemblage
30462,It's supposed to prevent travellers' bags getting in a snarl-up,bfcycleclip,double definition
115813,Old councillors learned somehow about a Frenchman,aldermen,anagram
64648,Spare fire,letoff,double definition
129802,Hawk seizing tail of mynah bird,chough,assemblage
80173,Returns to digs for economy's sake,retrenches,assemblage
32909,Be nippy? Not a lot!,dash,double definition
103476,Could it make ferret wash?,freshwater,anagram
17188,Snooker player breaks with end of cue,white,assemblage
81195,"Flash not very bright, introducing copper for a bit",modicum,container
123957,We murmur a short reply,humans,assemblage
99052,Means of suppressing dreadful shame and panic - seem cold,escapemechanism,anagram
45473,"Found what's potentially sad ""fun"" and cheered, showing this",schadenfreude,anagram
53033,Said to be the story's end,tail,double definition
84810,"Taffy's home - right, left and roundabout",landofmyfathers,assemblage
46118,Racket's centre starts to buckle under bombardment,hubbub,assemblage
100731,Close to last time food warnings ensue,threats,assemblage
53604,Dramatic confidence?,stagewhisper,assemblage
14106,"Not wanted at the feast, best left in the cupboard",skeleton,double definition
137650,Model receiving complaint to consider retiring after hostilities ended,postbellum,assemblage
131463,Badger resorted to exit by road,streetdoor,assemblage
40206,American small change being found in school is dodgy,suspect,assemblage
10926,Act as an agitator and get jail,stir,double definition
76832,To compensate for one short day is to take heart from another,satisfy,assemblage
77279,Crazy over North American icon,madonna,assemblage
104766,Spike has doll that is missing,barb,double definition
85039,"Each one opening, under no circumstances remaining open",uncover,assemblage
132678,East European city where two vessels turned up,krakow,assemblage
48600,"Monstrously stab king, and profit? It's hard to fathom",abstruse,anagram
10979,Check demand for material,damask,assemblage
141319,Radioactive element in preservative for good health,salut,container
14311,Plant with a sting stuck in the chimney,laburnum,container
89803,Mobster's joint is cover for card operation,scarface,assemblage
6110,Close check,stop,double definition
120047,"C, half-cut Bush, for example, gatecrashing his party?",cameron,assemblage
40179,Peculiar game,rummy,double definition
105648,City state ground out small business,cottageindustry,anagram
31190,Prince not getting up for the dance,charleston,assemblage
14639,Playboy stereotypically gobbling reputed aphrodisiac,oyster,hidden word
36078,"Soldier's gear, which stays at home",tinhat,container
25486,Violinist's private room,bower,double definition
14982,Boy-meets-girl opera,leonora,assemblage
38536,Getting through to farms about ground that's always frozen,permafrost,assemblage
93127,Prima donna gets a quid for appearing in lights,divali,assemblage
34853,He designed a water container,adam,double definition
47492,Retired Scotsman's trick,scam,anagram
67110,"An abstract point, to be exact",precise,assemblage
112609,Sleep until noon (twelve),dozen,assemblage
120758,Snowman? College erected it,inuit,assemblage
6072,Bottom of league in Cheshire and East Lancashire?,cheese,assemblage
140892,Setter's upset over good answers to puzzles,enigmas,assemblage
57863,Carry on in summary fashion,resume,double definition
84465,Eat away without starting to bring back,etch,assemblage
96014,Sharp stone for the remaining persons,alltherest,double definition
56976,European in next cell tortured in capital,excellent,assemblage
121312,Hole number dealing with bad habit,crevice,assemblage
61605,"Bulbs shining, these charged",onions,assemblage
50761,"Telephone bell starting off, but not so loud",lower,double definition
108513,Its partition was booked,redsea,assemblage
5366,Boss lost in dust storm,stud,anagram
132928,"Beacons required to follow this, if range is to be obtained",brecon,assemblage
119078,"Time off, stuff punctuated by irregular pay",gapyear,container
93033,Record claiming uranium is brownish-grey,taupe,container
88134,Wolf circling eastern Galloway?,george,container
58772,"Hundreds pocketed by accountants, the rotters!",cads,container
100257,Help fool individual with attitude,assistance,assemblage
109072,Something dentist may have to do with lineage,extraction,double definition
123726,Vegetable essence,marrow,double definition
1030,Iberian prince angered in revolt,grandee,anagram
87361,Heartless Shakespeare heroine keeping beret for a head,percapita,container
70181,Peculiar issue more likely than not,oddson,assemblage
93892,Solid grasp of company case?,firmgrip,double definition
116622,Ruled measure government introduced must be reversed,reigned,container
28384,"I am the cat among dairy produce, going to overlap?",imbricate,assemblage
64671,I throw my weight around the angel,islington,assemblage
21476,"Engaged, that's the outcome about me and a girl",enmeshed,container
8968,What's got out of bed?,rose,double definition
122484,Head of state with guns to tame rioting,maotsetung,anagram
19964,Honour given to boy king ...,oberon,assemblage
116450,Inexperience wears off: name gained success finally,rawness,anagram
10829,Religious house is too much for this priest,abbe,double definition
1697,"Like mistletoe, it is a hit when put up, caught underneath",parasitic,assemblage
128290,Tough solidity for road transport crossing a bit of rail track,burliness,container
31476,Artist in car skirting ancient city,seurat,container
58634,Praise the boot rejected by lieutenant,exalt,assemblage
114956,"Exciting book, ""The Musician's Aide""",pageturner,double definition
40505,Ass in America leading to American kerfuffle,rumpus,assemblage
33947,Law suit finally disposed of - for a figure,statue,double definition
74212,"What maintenance staff should do at points, etc",checkrails,double definition
36567,PM essentially disappointed England,eden,hidden word
3319,"Blue died, a bit of an act",obscene,assemblage
103221,One seen in a hanging basket?,balloonist,double definition
9207,Sat Latin translation in a lost realm of fancy,atlantis,anagram
40287,Laciest piece in the sewing box? That's stretching it!,elastic,anagram
36592,Male child consumes duck quickly,soon,container
34241,One's captivated by star-shaped feature of fluted column,stria,anagram
134763,Male children's book character heard singing in church?,hymnody,assemblage
61642,Badly treated and is unserviceable in the sea,misused,assemblage
118902,Tabloid pictures which closely resemble one another,mirrorimages,assemblage
83799,Vehicles boy goes in are always late,cadavers,container
28350,Best food Mike's brother found in the continent,ambrosia,container
9249,First of Walter Mitty's turns: provide defence and make me conform,twistmyarm,assemblage
37285,Like supporter at home holding a kind of sign inside boundary,infavour,container
20073,"One in dock, employed by a county council",accused,assemblage
38183,Monster fish,troll,double definition
79225,No bunker could be perfectly even,unbroken,anagram
11951,What Italians drink in the Mestre: Galliano,strega,hidden word
84068,Contrary commercial jingle,adverse,assemblage
103255,Anxiety about hair stops you sleeping,alarmclock,assemblage
86453,Crossover door,rood,anagram
25043,Australian one needing invigorating air,ozone,assemblage
29221,"Poet's dawn air ""threaded with gold""",aurora,container
84783,Sent us out at the end of the day,sunset,anagram
90023,Live at home after a short break as an artist,holbein,assemblage
38309,"Very French attempt to seduce is wrong, legally",trespass,assemblage
100999,Dessert like jelly seen around the globe,sorbet,container
41551,Report to do with extremity,retail,assemblage
138851,"Only a proportion taken from income, a tax evaded is a dangerous thing",meataxe,hidden word
40401,Town's ancient guy who must have been out of the ark,oldham,assemblage
22379,Old king failing to make the grade,edgar,anagram
18838,Danger for sailors in popular music,rock,double definition
198,Fend off leader of pirates in film,repel,container
86393,Tick Kennedy's heart's condition,jiff,assemblage
17359,Student caught with a dictionary,coed,assemblage
106492,"Alas, old Bob Dylan cut short touring",sadly,anagram
38797,English general accepts tax raise,elevate,container
130471,"Raw food cursed, it needing to be cooked",crudites,anagram
14827,Battle later developed into chase,waterloo,assemblage
121362,Pet with pal struggling over a tree,catalpa,assemblage
101788,West Indian play groups,steelbands,double definition
77301,Gets the dog and looks around,secures,container
13695,Grim prospect for yachtsman trying to catch rival,stern,double definition
123072,"Bird back after season abroad, man's problem afoot?",fallenarches,assemblage
26686,Knock run off spin bowler,elbow,anagram
27162,Books for more than one opera,libretti,double definition
129375,Resident superpower stuffing herb in meat product,liversausage,assemblage
135945,Tubes bringing a form of medication to stop decay,capillaries,container
111629,Criminals returning so as to be split in opposing,cosanostra,container
71373,Loved to see the dreadnought wrecked,adored,anagram
91232,"Power governs tube centrally - US tube, that is",subway,assemblage
7600,Left holding baby after this,labour,container
26262,Finally gives woman liquid nitrogen to make frozen sculpture,snowman,assemblage
59714,She provides father with cooked meal,pamela,assemblage
82252,Bit of a gut for Goon (pronounced),caecum,double definition
10326,Lousiest material editor's chucked out,worst,container
120766,President strangely agin dancing,polkaing,anagram
129534,"Try, as arranged, one caught being excessively lustful",satyric,anagram
8270,Safe place to let out the clutch?,nest,double definition
85449,Musicians send naughty messages to alien,sextet,assemblage
111244,Toxic soup I soon blended,poisonous,anagram
52928,Regulated state - alternative to Red Revolution?,order,double definition
82539,"Rep's car goes off, making a hasty departure",scarper,anagram
91286,"North African halves a number, then doubles it",berber,assemblage
32282,Asian city is unfinished - that's symbolic,mandala,assemblage
85069,First class return to Southern Pacific country,australia,assemblage
84492,Quarryman's key picked up,miner,double definition
105900,Not a street where things happen,venue,container
85059,"Understands about grinding lens with cunning, but without reason",senselessly,assemblage
131897,He takes obstacles in his stride,hurdler,double definition
110739,Poet (Her Majesty's jester) in banjo performance,sirjohnbetjeman,assemblage
133661,Setting about ’eadgear to protect aviator,flyingat,assemblage
39535,Devil's tie?,deuce,double definition
53980,Setting maybe at Watford Gap?,milieu,double definition
118322,"Cajole alien, within reason",getround,container
100802,Footwear hamper,clog,double definition
7751,One's brief trade with a Mediterranean isle,ibiza,assemblage
14203,Cleaner copies including past papers,coldcream,container
74224,Worry about horse slaughter,carnage,container
64869,"Tender, relatively speaking",sister,double definition
35660,Stop some French potatoes,deter,hidden word
63748,Mums and dads are not welcomed by attendant,parentage,assemblage
93074,Hotlines to the Met Office,isotherms,assemblage
32854,"Stipulation for and against one's opinion, at first",proviso,assemblage
66402,Governor that entertained PM once,north,double definition
109400,October's brief time for playing with ritualistic symbolism,totemic,anagram
101513,A crop is knocked flat,prosaic,anagram
85628,A hem one should repair: everyone knows that,householdname,anagram
17537,Run one of the film crowd,extra,double definition
134372,"Initially, Gilbert holds back blows",wafts,assemblage
53279,"Drink triple gin, initially, with one rum",eggnog,assemblage
133634,Entrenched bridge adversaries scrap over inches,enshrined,assemblage
114251,Non-interventionist passes away,handsoff,assemblage
21379,Fast on the Italian pulse,lentil,assemblage
54062,Signified by inserting negative in Act,denoted,container
59956,Crazy bit by Len's father needs re-writing,batsinthebelfry,anagram
28030,"Doctor, one breaking smart fellow's chemistry apparatus",alembic,container
123097,"It's unhealthily damp but not too confined, as they say",rheumy,double definition
22581,Water drowned second biblical brother,esau,container
88237,"Unfaithful wife seen in food shop, note",delilah,assemblage
109206,The Guardian starts to assess Roman government under Severus,argus,assemblage
32865,Excited by a small bet,aflutter,assemblage
11501,What Cupid bears audibly for lover,beau,double definition
111818,One comes across despondency behind the game,humpbackbridge,assemblage
109262,One article by Belgian author,ianfleming,assemblage
37300,A contribution to please lively art supporter,easel,hidden word
46284,A small drink including minimum of table wine for starters,antipasti,assemblage
95550,Failing to disrupt the indolence,onthedecline,anagram
93561,"Abroad, I start to eat angel cakes for tea",darjeeling,assemblage
93618,Red-hot stuff,cayenne,double definition
124771,"Odd characters in the land of Schiller, the elegist?",gray,hidden word
141286,Work units heard of in Holland,joules,double definition
23791,Question One is on Irish force seen in the Middle East,iraqi,assemblage
80430,Allows to go free the wrong way round shops,outlets,assemblage
129083,Explain about what keeps a wheel on,axlepin,anagram
92531,Exercise about to strengthen soldiers' disposition,placement,assemblage
90108,Build new Northern capital,dublin,anagram
22983,Surgeon given sixpence outside the theatre,trepanner,container
107908,Dislike Greece?,hellas,assemblage
23025,Cowherd's pie and broth,chowder,anagram
121769,Yellow streak will put celebrity status out of order in time,dastardy,container
56894,Drunken Scottish soldiers vote for abuse to the optically challenged,foureyes,assemblage
49010,Relative gives away article free,untie,container
29573,The kind of Constable that's out of the ordinary,special,double definition
12794,Pitfall for member when rising,trap,anagram
140402,"Almost stop working, stupid",goof,assemblage
123938,Special quality that's needed by female member of cast,xfactor,assemblage
56836,Dives with power to crap - occasionally gull slightly worried tour leader,plutocrat,assemblage
90612,Compellingly kind,obliging,double definition
24314,Fancy a chart-topping single,imagine,assemblage
134583,Leading pairs eliminated from race came late - very grave situation,cemetery,assemblage
40818,Entertained everyone sitting initially in the pit,hades,assemblage
93780,"Bill wears Sikh wedding rings, hard in a Muslim land",bangladesh,container
48911,"Deceived by the devil, though not in so many words",implied,assemblage
8693,"Five earth-filled urinals, recycling all-inclusive",universal,anagram
573,"Faithful, but getting new man into bed",constant,container
123424,People of intelligence love to have the last word,ciao,assemblage
23967,It's probably not steam and possibly not electric,oldiron,double definition
107975,Bags of vicious cruelties,reticules,anagram
60725,Traffic hazard could be sinister,bend,double definition
61555,"Say: ""Don't stop her entering ring or pillar?""",letterbox,assemblage
59692,A sort able to produce old instrument,astrolabe,anagram
119780,Label report of familiar ex-captain,gucci,assemblage
63370,"A show-off, the bounder",prancer,double definition
29427,"Home Secretary and rock'n'roll guitarist: one's barren, another's wild",strawberry,assemblage
63299,"Lacking respect, notwithstanding",regardless,double definition
43832,About to pick up Boris's book,rebecca,assemblage
82165,Drunken expat in public house has a nagging wife,xanthippe,anagram
18596,"Sailor, for example, said to observe traveller",seafarer,assemblage
134677,Writer's sweet Breton confection,charlottebronte,assemblage
71414,"Exhortation to study ""The Maid of the Mountain""",oread,assemblage
51311,"Eat half of plate, then drink",digin,assemblage
34678,To have one return a casual hug is sufficient,enough,assemblage
83450,Spirit of revolutionary beasts? Extremely serious!,spunkiness,assemblage
60190,Earwig could make part of house fall down,eavesdrop,assemblage
111345,"Sanction a run in souped-up car, a small one for racing",gokart,assemblage
10902,Cheap accommodation always in part of journey,steerage,container
86446,Escorts backing The One Show,gigolos,assemblage
22268,Boy game to help people across the Thames,albertbridge,assemblage
120159,"He's done his money and he's back for mine too, note",prodigalson,assemblage
28086,The French in their way backing Swiss mathematician,euler,assemblage
8939,Where there's very little point to motor to London?,scarcity,assemblage
63379,Fish seems to be right in the light,bream,container
125319,Broadcast with some singers heard in military locations,airbases,assemblage
37108,"No longer single speed, that's clear",exonerate,assemblage
82360,Fantastic start to theatrical career involving N. Coward,recreant,anagram
125168,Badly-treated migrants feeling hurt,smarting,anagram
16884,A lawless thief: I was once one myself,pirate,double definition
107391,Patriots withdrawing singular honour for Hollywood legend?,stanlaurel,assemblage
108160,"Inexpert folk, handicapped, retaining unknown name",laymen,container
116114,Sporting barrier that generates pots?,backstop,double definition
38175,Love Jack's preaching,orating,assemblage
23944,Sounds like place is an eyesore,sight,double definition
85188,"An equal to Earl Peel, the last of the shire",count,double definition
90916,Fly biting,sharp,double definition
111666,"Weber's first, A minor (unfinished) - it's avant-garde",wayout,assemblage
108542,Firm support in car ...,fastback,assemblage
105720,"Rhythmic sound heard initially in jazz performer, pet scarpering",thrum,assemblage
13664,Spare a bob - by one having plenty to spare,slender,assemblage
37110,"Solitary sailor, capsized in river, gets clear",exonerate,assemblage
38332,"Salts' place - in the deep, somewhere",epsom,hidden word
60138,The old starting signal falls without delay,atthedropofahat,double definition
27602,It peels off note,epistle,anagram
66726,"Without moving anything, replaces money in cash register",stockstill,assemblage
19537,Anticipate everyone's after lots of trees,forestall,assemblage
111080,Noise inside gear when travelling,riding,container
57018,Silence in jail!,shutup,double definition
7301,Angry outburst from one stuck in traffic,tirade,container
53125,Perform in panto horse perhaps? That creates interest,behalf,assemblage
44923,Adult paper under discussion,atissue,assemblage
65483,"Ear inflammation aggravated, so it doubled",otitis,anagram
391,Food item for one's heart-throb,pulse,double definition
126646,Songs of Praise hasn't managed to retain big space,anthems,anagram
51261,Flu? See a doctor at home,easeful,anagram
61299,State whether it's high and rocky,massif,assemblage
44011,"After dissection, I preserved dead mammal",peredavidsdeer,anagram
78323,Learned a lot of rubbish about time,literate,assemblage
130849,Inadequate lavatory in filthy place,scanty,container
23751,Order alteration in grey coat,category,anagram
15464,Girl turned over one in the grass,sisal,container
24523,"Don't cook enough food, red nuts having been shelled and sent back",underdo,assemblage
85296,Disorderly scene may come to be arranged,beargarden,anagram
113761,"Rescue injured relative, overcoming resistance",retrieval,anagram
79976,Post of interest,stake,double definition
123841,"Extract from pool: if hurt, yell",fishout,assemblage
4874,Playfully delicate life abused and shortened,elfin,anagram
107087,Lots of money given to fools,masses,double definition
35477,"Tandoor cooking, though aromatic, ...",odorant,anagram
109810,Circle left to access champ hit badly about the eye,ophthalmic,anagram
122860,Issue not raised naturally,adoptee,double definition
23145,Sharp taste rolled around centre of mouth,astute,container
11062,"Taken aback by swindles, tag was changed outside",aghast,anagram
63158,"After St Giles' day, many are turning rotten",septic,assemblage
11554,Every real Puritan regularly offered praise to God,alleluia,hidden word
113847,Where some African countries are off the leash,sahel,anagram
64292,Agree the score,tally,double definition
63839,Roger eagerly brewing tea for this prime minister,earlgrey,anagram
55980,"Savage, being sorrowful, is twitching",sadistic,assemblage
50913,Peninsula of African country with no western boundary,iberia,hidden word
95584,"Bone came apart, fragments left",metacarpal,anagram
25834,Player's boot is undone,oboist,anagram
66489,Dim British king on stage,blear,assemblage
135159,The very thing I do?,oneandthesame,double definition
36268,Shakespeare gave her a dream lover. Her mother grabbed one too!,hermia,assemblage
49676,"Lancashire dish, one to produce a tricky problem",hotpotato,double definition
114103,Book Nine in academic citation,donquixote,container
50323,Peg will see about soldier getting back,spigot,container
94662,Drinker's hangover?,beergut,assemblage
127587,"In running for cover, lesbian freely admits ""game up""",insurable,container
134593,Cold island imports temperature,stark,container
62973,Unhappy lord outside Parliament finally gives indication of imminent departure,bluepeter,assemblage
133577,Fine to repeat old clue about diamonds,okeydokey,assemblage
131014,Does nothing in particular for protest movement,potters,anagram
95206,"It's remote without a good car, that is - so his work is done on the hoof",farrier,assemblage
32820,Smart girl with copper chain,cutie,assemblage
49005,The BBC hasn't begun to deliver,untie,assemblage
43572,A bit of a laugh in porn version of Oliver!?,orphan,anagram
66368,Unpredictable after opening of safety pin,skittle,assemblage
72527,Where to find chaps undressed?,bath,double definition
95297,Centre back in attack last to display violence,ferocity,assemblage
140261,Islander with a sore bum getting into heavy metal,faroese,anagram
69595,Ride high where observation was out of this world,goonhilly,assemblage
38198,Army block retreat to capital,rabat,assemblage
71503,Sailor to keep going round with vocalist,nelsoneddy,assemblage
31019,Flower sometimes needlessly gilded,lily,hidden word
79562,"Back off beach, returning catch to dock",shorten,assemblage
62477,Thought of money spent,mused,assemblage
91085,"Old actor, getting wiser over time",stager,assemblage
126158,Jazz pianist's ideal climbing shrub,fatsia,assemblage
31228,Directions are in the mail for making a warming winter drink,posset,container
26031,"Vegetable, small and sweet",spud,assemblage
126046,Edges away from very pale woman,she,hidden word
83379,"Secretary's individual letters, one in black and white?",panda,assemblage
133193,"Thud may be heard, but not on a rug down there?",onomatopoeia,double definition
21423,Beast about to catch girl - not fair!,brunette,container
9774,Kangaroo eating large loaf,bloomer,container
112757,Religious man's reluctance to spend if he has a lot of money,parsi,assemblage
89921,"Fledgling business in sheep, the main attraction!",startup,assemblage
135475,Regular myth set in rich ground,rhythmic,anagram
24906,You mean two jurors are incompetent? That's with defence potential,tenable,assemblage
120265,"Poem girl's written, top off pen, on state's port",riodejaneiro,assemblage
96009,Epstein left centre awfully cross,splenetic,anagram
71549,Become familiar with ABBA's debut song on the radio,attune,assemblage
120515,Yes-men with absurd cares about a line,accorders,anagram
101910,Cut grass?,awn,double definition
32760,Letter delivered with a becoming conclusion,delta,double definition
70974,Humble cleric taking me to heart,demean,container
64540,It currently controls others at assembly,rheostat,anagram
119662,Marathon in which we are all dead?,longrun,double definition
87371,Vegetables spoil the lines of a garden,marrows,assemblage
47909,Royal bash involves performing music,rondo,assemblage
44336,Restrain employee taking smack,handcuff,assemblage
67206,Bird is injected with thiamine,ibis,container
129187,Gentleman grappling with tens of complicated relationships,entanglements,anagram
120294,Suddenly Arthur's beginning to suspect Lancelot,allatonce,assemblage
48454,Footprint creates initially unvoiced terror,tread,assemblage
65354,Charges for original film shots,rushes,double definition
84760,Banker having shrewd effect,execute,assemblage
7095,Fellow of no practical use?,academic,double definition
97241,Sponsor of art ultimately was consumer,tate,assemblage
62043,"Note circling reptile is a threat, in the main",uboat,container
63687,"Watch next to key, a surprising sight",eyeopener,assemblage
96332,Majority is cut in Bosnia,mostar,assemblage
75090,"Joked about TV programme, one with leaves",gateleggedtable,assemblage
23111,Very verily,really,double definition
44083,"Language barrier in American intelligence, being backward",arabic,anagram
110110,"Fleas dancing below stairs, Uriah Heep's speciality",selfabasement,assemblage
98393,"It's not cheap, making legal documents sound",ritz,double definition
74527,Part of speech that's authentic,echt,hidden word
77941,You'll be lost without these,bearings,double definition
71737,English naval officer is about to impress,commandeer,container
105218,Directions limiting poet producing epic verse,epopee,container
131553,Utopian plan son's told tales about,idealised,assemblage
42893,Young man inexperienced with a gun,colt,double definition
55756,Seize an egg collection,clutch,double definition
53018,Insure sign?,underwrite,double definition
102607,"When terribly lost, read navigation guide",lodestar,anagram
93905,Singular Anglo-Saxon orientation,attitude,double definition
98579,"Like some numbers, within moderation always",rational,hidden word
2449,Lord Muck in effusion by Charlie Chaplin,goldrush,assemblage
47179,"Morgan, say, and Paddy dress down",carpet,assemblage
95116,Primate admitting self-elevation is the highest point,apogee,container
42960,Sweet lumps on hat,gobstopper,double definition
137457,"Poor Billy, regularly infested with moth",beggarly,container
138426,Who would bother a runner?,harrier,double definition
95618,Yank involved in weightlifting,jerk,double definition
49096,"A favourite of ""Gardeners World""",cosmos,double definition
88338,Vegetable in garden for a change,orach,anagram
103214,Broken zip not that unknown - fasten with another fastener,safetypin,anagram
25434,Game not started by a back,ridge,assemblage
103367,Opening removed and fixed,outset,assemblage
109241,Simple or complicated requests,implores,anagram
91059,Fortune presently in besieged city,lucknow,assemblage
119800,A spinner's short period in work,gyro,container
8558,Unusual topic related to the eye,optic,anagram
21064,"Tucked in to fish, partly dressed",coated,assemblage
71370,Entertaining party a communist thought the world of,adored,assemblage
18331,Odd dialect in fortress,citadel,anagram
25371,Traditional nunnery by holy island lake,conventional,assemblage
28348,In the morning wild boar is heavenly food,ambrosia,assemblage
87026,Lightweight worker in goods packing?,boxer,double definition
38773,It is eaten from this Paget dish,spaghetti,anagram
28177,Disunity shown in the former Yugoslavia?,split,double definition
25189,Lawgiver is left in flowing river,legislator,anagram
46277,They do up house: home counties housing spikes,shoelaces,container
29524,Eager to change fellows thought at first to be in accord,agreement,assemblage
113631,One is better out of it,sickness,double definition
97194,Faith leader shot close to synagogue,pope,assemblage
74352,Eliza Doolittle's refined arts?,hertfordshire,anagram
1792,"Plane perhaps hijacked by buccaneer, turning back",tree,container
111215,Parson first in seat to see what's coming,preview,container
76959,Nothing less holds nothing threatening,ominous,container
127854,Former partners keep pamphlet of selected passages,extracts,container
109664,One expecting to hear broadcast,heir,double definition
42907,"Say, what could be missing after punch in the mouth? A drink!",aperitif,assemblage
104569,Prepared to pass through study,readied,container
55717,Make annoyed and angry about unfinished ceremony,irritate,container
106448,What may be spoilt by daisies and big rats?,supergrasses,double definition
81603,Unfeeling male absorbed in the nitty-gritty,numb,container
52187,A number swindled - that's dishonest,crooked,assemblage
102172,Permit for sale of spirits and ale,poeticlicence,assemblage
73538,Smack around side of face: buzz off!,clearout,container
122511,"Part of play, playwright clutching opening to act - he covers the background in theatre",scenepainter,assemblage
98251,Supreme international body,missworld,double definition
54350,Writer goes round stone consumer's place,bistro,container
81357,Maybe Franklin's backer switched poles,inventor,double definition
107398,Force occupants of central Venice to be displaced by macho types,vehemence,container
68792,It's what Barry and Gary do,rhyme,double definition
37578,Resembled a damaged knee-cap on the outside,likened,anagram
34802,Weapon held up by a corporal?,lance,double definition
101621,Sauna without a massage causing overheating,sunstroke,assemblage
112464,Composer's displaced river birds,bitterns,anagram
46677,Screw going round prison in fear,panicky,container
1441,Margin of error in general practice,leeway,double definition
12533,Stagger time with swimmer,totter,assemblage
88537,Reissued order to a fighter in the ring,toreador,anagram
71530,Difficult defendant finally up for it,thorny,assemblage
95005,The inclusion of three identical points produces a titter,teehee,assemblage
115645,Sparkling drink gets fragrance after a little work,opalescent,assemblage
25417,"Rover in boat, a dugout",gadabout,assemblage
16962,"Most insignificant little bird circling European river, endlessly rising",tiniest,container
62697,A drop of ice,icicle,double definition
20175,Old chap with passion for news reporting,coverage,assemblage
10817,River is close to oak tree,tamarisk,assemblage
105919,Fool sailor on a ship,jackass,assemblage
91974,Blades trio Arsenal bound,oars,hidden word
77414,"Guns against water, not including storm",barrage,double definition
75583,He rings bell running through Essex to Norfolk,sexton,hidden word
88524,"Routine to study and speak when beheaded, so to speak",breadandbutter,assemblage
99491,Collage a scientist almost accepts quietly,pasteup,assemblage
76602,Flower festival finally in front and fashionable,lupin,assemblage
52011,Where the less important fishes learn?,secondaryschool,double definition
99940,Many ignored extremely dumpy adolescent,umpteen,assemblage
64612,From orphan to mother - that's the spirit!,phantom,assemblage
114480,E. John's backing out of Italian rock,oolite,anagram
5264,"A backward idiot, apart from all else",aloof,assemblage
86449,Superior aid distribution or rapid transport,airdrop,assemblage
19289,"A Fowler, perhaps, spoiled Rene's date",eastender,anagram
2130,"Revive cannibal's victim, as Spooner might ’ave said",animate,assemblage
54089,"Going round by word of mouth, part gets assimilated",orbital,container
50645,Tablet's coating causing harm in mouth,plaque,double definition
106770,Like a loo to be luxurious?,lavish,assemblage
74150,Saul's blowers?,bellows,double definition
95639,Cramped northern shaft,narrow,assemblage
1522,Inferior articles that don't last long,seconds,double definition
32283,Statesman swapping energy for a mystic symbol,mandala,assemblage
36590,Pasquale given less than full assent? That's mean!,meagre,assemblage
89600,"Greatness, sadly, sets one apart",estranges,anagram
56537,"Looking annoyed, wanting power trip",outing,double definition
58154,Albatrosses both taking turn to incubate brood,obsess,hidden word
47658,Old city set up beside a stone,ruby,assemblage
87582,Unpleasantly satisfied when turning sticks,smug,anagram
5047,Part of Roman villa block,anvil,hidden word
68576,Tails begin to stop wagging - how sad!,shadows,anagram
31138,Country where God has executed priest?,panama,assemblage
129260,"Angstrom bewitched women ultimately, pick-ups being his forte",strongman,anagram
25427,In to complain: customer with bone,incus,assemblage
22160,Purgative offered when Moggy car hit Rolls,cathartic,assemblage
46171,Weather required for electric fires,elements,double definition
92388,Mule makin' a mess of teatime food,muffin,assemblage
6351,Signary used in the plant,syringa,anagram
135103,"May has been one time I can be away (rest, I'm in plays)",cabinetminister,assemblage
80295,Firm supporter of poisoner,cobra,assemblage
42197,Some porn he circulated could account for sexual arousal,pheromones,anagram
1876,Deity some see as a tyrant,satyr,hidden word
33879,Club being given new temporary accommodation makes one unhappy,discontent,assemblage
111552,Quantity of drink fired soldier,litre,assemblage
68930,A little seabird or marsh bird,bittern,assemblage
137344,Rubber rings held by campaigners next to motorway,condom,assemblage
118729,Old man to settle on a tree,papaya,assemblage
107273,Kiss scholars in celebration,xmas,assemblage
117557,Deliveryman's ruse: upsetting hair product on journey,legspin,assemblage
77888,Leading European state,maine,assemblage
78935,Strikers here in union fight,matchbox,assemblage
33413,Enthusiast for conservation? One adapts to the environment,ecotype,assemblage
116756,Upending Brad in a barrel is courageous,valiant,container
130732,Presiding officers trading power for new shoes?,sneakers,anagram
97441,Flower one sees periodically,annual,double definition
106294,Prepare for conflict that's a back number,rearm,assemblage
141168,"Round openings with no actual fit, regularly",oculi,hidden word
35235,Things warm and mineral creating excitement,furore,assemblage
121689,A king given independence in new surroundings is a bit odd,freakish,container
24565,Hear about a new type of pen without getting excited,tranquilly,container
140167,Raises false alarm as crow flies not straight,crieswolf,anagram
46226,Old soldier taking flight,archer,double definition
136748,They provided new items here and original Christmas gifts,threewisemen,anagram
103240,Fine light which signals spring,verywell,assemblage
13684,Point on bird's back,stern,assemblage
119271,Meat Hazard placed in trap,griskin,container
104891,Reminds one that it's time for church?,ringsabell,double definition
124062,"Shout and dance, say",bawl,double definition
109281,Drive around in carriage with zeal,fervidly,container
31538,Not a mod chair,rocker,double definition
63155,"Perishes, without help, from illness",diabetes,container
811,"Complain about a rule, we hear",arraign,double definition
57658,"Sign of something wrong with performance? See about that, just!",exactly,container
110458,Support with a brilliant ball,aidance,assemblage
135718,Reluctant lover's initial vow,loath,assemblage
134760,Put your foot down as a plantsman,heelin,double definition
95415,A song about tourist information centre initially uncertain,agnostic,anagram
16633,Cut a dash,drop,double definition
16949,Underwear makes one tense,singlet,assemblage
87937,"Poor pre-election period, back with a change of heart",hardup,assemblage
30630,Make better pickle,cure,double definition
109758,"Senior cleric, unfortunately never competent",venerable,anagram
3761,Symbol of sovereignty King Charles had to acknowledge,crown,assemblage
4204,A child of necessity is given to falsehood,invention,double definition
131808,Parent left to vacate Asian island for Asian city,mumbai,assemblage
35354,Male finally beats children's game,stag,assemblage
108503,Any hitch may be attributable to this bulb going out,hyacinth,anagram
75006,Bellow's last novel is Glass,crystal,assemblage
71686,Bladder and hearts lost in city street,cyst,assemblage
22728,"Checked in, in a rush",reined,container
35474,"Paramount, say the majority",uttermost,assemblage
141958,He demands a contribution from tenor and American guitarist,taxman,assemblage
87675,Subject's alter ego leads plot: the ultimate robbery,geography,assemblage
103705,Sent money and relaxed,remitted,double definition
62952,Tie leaves back,strap,anagram
68058,Ordered off before end of game,bade,assemblage
73381,Dance company following society's conventions,moresco,assemblage
6095,Boundaries some defend successfully,ends,hidden word
48333,Noel's tower of strength,reindeer,double definition
74022,Term for each moon day,period,assemblage
6396,British nurses agree about study in local area,beergarden,assemblage
2152,Accommodation with hot water in Yorkshire,house,double definition
96579,"King, getting Queen fine dish, so avoided commotion",kerfuffle,assemblage
38440,Kids drink it,goatsmilk,double definition
134993,Language of medic (a junior),cajun,hidden word
71147,Female muse suspicious about artist in class-conscious system,feudalism,assemblage
70138,Jumbo pilot?,mahout,double definition
127164,Time in replicated environment provides excitement,stimulation,container
38080,Car benefiting driver leaving river behind,ford,double definition
71619,One caught by the actual crime,thievery,container
119431,Savage as Dracula,bloodthirsty,double definition
39556,State where the keys are,florida,double definition
139118,"Make fewer pronouncements, being displaced",stateless,assemblage
11074,Inventor who dynamited half belongings?,nobel,double definition
2165,Key to the mess?,hash,double definition
13974,It was created with latitude in the scriptures,world,container
52944,"On delivery of circular, be strict - tear it up!",obstetric,assemblage
91726,Powerful politician before (say) Brown's time,prescott,assemblage
32595,Perform poem in that dreadful silence!,dotodeath,assemblage
122163,An old joke?,jest,double definition
26538,He makes a choice at the earliest hour,william,assemblage
45912,Good start with a little water for cooking,grill,assemblage
110655,Historian's report of Cumbrian city,carlyle,double definition
105488,Announced fruit's value,gauge,double definition
28061,Empire-building queen and cabinet maker,premier,double definition
53713,Sordid details,lowdown,double definition
16209,Dangerous flower goes to Tannenbaum,redflag,assemblage
61074,Happen to see bird nesting as resident,occupier,container
95092,"Having ensnared male, sexy cuddles on the agenda",scheduled,container
36471,Plant when season's not begun,inter,hidden word
38420,A bit of rigging works in the end,topsail,assemblage
28990,"Broadcast ""Pluto"" by itself",disperse,assemblage
67636,"Like Old Marley, unproductive as a stud",deadasadoornail,double definition
63169,Attractive catch in illusionism,magnetic,container
46189,Philosopher passing through American Customs,usages,container
31042,Dialect that comes from the mouth,estuary,double definition
17583,Sturdy or else broken,robust,assemblage
64537,"Teaches a number in English, perhaps",enlightens,anagram
84221,"Bottle company prompt, coming about midday",courage,container
44990,Related to one's origin in South Africa,natal,double definition
120652,"Sell pint that's dodgy, getting wasted",illspent,anagram
110473,"Silly talk by a so-called ""Dubya"" makes one laugh",guffaw,assemblage
12330,Weed the bed,couch,double definition
89970,Turning points in making purchases,fulcra,double definition
112066,Revealing story of Swiss resistance?,telltale,assemblage
28167,It might help a serious smoker,inhaler,double definition
135777,"Sailor's cry, abandoning a boat",hoy,assemblage
61787,Prove to be more than striking song,outnumber,assemblage
81856,Poster plugging good show is boasting,bravado,container
126582,What could make florist pay for baker's item?,filopastry,anagram
5241,As curtains might be tied,drawn,double definition
34,A man comes back a stranger,alien,assemblage
8256,A bird others turn to,skua,anagram
126705,"Dismissed, then sure to be leaving",outbound,assemblage
101891,Folk hero's bonnet,hood,double definition
70741,Monitoring leaves that don't start falling,eavesdropping,assemblage
36093,On a plank,aboard,double definition
125333,Window leaves producer on the coast,bay,double definition
36717,"Ring animal back, alright?",okay,assemblage
122998,"View love, left wing",pinion,assemblage
48620,Essex men,basildon,assemblage
51820,Don went down with a cry of pain,fellow,assemblage
14424,Something suggestive of the rise of corporations,smut,anagram
108346,Conran's first interior design standard,criterion,assemblage
90882,Unexpected gripe about live changes producing special benefit,privilege,anagram
91275,Tongue was strained greeting a couple from Lithuania,swahili,assemblage
11567,Fashion arbiter of Welsh taste,rarebit,anagram
13637,Comprehensive kid gets a quid,total,assemblage
73950,Notorious actress and oddly bleary FBI agent,bergman,assemblage
135105,"Shaving, father receives phone call",paring,assemblage
31522,Plant setter's getting for the time being,interim,assemblage
111133,Fruit getting stuffed with date and walnut toppings for tellers of tales,oldwives,container
105684,"Having rowdy sex is to live, basically",roughit,assemblage
140075,Rump of venison possibly festers,stagnates,assemblage
6382,Tropical plant's a mess when crushed by earth,sesame,anagram
50977,In favour of accepting a pound in coin,florin,container
123823,Rejects chipped plate with pasty in it,disallows,container
40993,Marble article placed in front of entrance,agate,assemblage
69641,A Merry Christmas is often likely,onthecards,double definition
32576,"What could play music in particular key, hard stuff",althorn,assemblage
135914,Forsyte heroine puts off cutting out article for Iris,fleurdelys,assemblage
76829,Stays if made content,satisfy,container
22058,This fellow sounds serious,ernest,double definition
45412,After which one's in the majority,seventeen,double definition
28291,"Turn into (maybe) lira, see?",realise,anagram
57375,New deal for vote loser? Hardly,roosevelt,anagram
5641,"Winds about, missing the German ways",means,container
9351,Runner defeated in close race,loser,assemblage
43609,How Keats wrote upside down,inverse,double definition
79305,C-cacophonous cautionary condition,cloud,assemblage
79354,"Female in a feeble way in sultan's place, in need",womanish,container
99012,"Was evasive, having received hot property",fenced,double definition
140239,Swears at area transport,abuses,assemblage
28278,Set for scan and playback?,ready,assemblage
39962,He'll store brews for the landlord,hosteller,anagram
121693,"Sound device in better film, after something corny?",eartrumpet,assemblage
53063,Dress I put on about spring,origin,assemblage
42501,"Artist, one writing plays for adults included",painter,assemblage
29728,"Poem, say, inscribed in cathedral",elegy,container
100911,Refuse to go through all the cases,decline,double definition
117222,Monsters out of hospital go to fatherland,wales,container
135976,Measures the mast beams,yards,double definition
39942,Handicap by turning right and heading back,trammel,anagram
6781,Refrains from upsetting sides on the way back,desists,anagram
110525,Imagines being ordered into uniform,calledup,double definition
54276,One doesn't want to do this at a bank,loseonesbalance,double definition
57663,Go through childhood with small gang of people around,growup,container
100218,Order discovered in laboratory animal in feature which contains DNA,chromatin,assemblage
110364,"Something online for minors, I say, drinking liquor",choochoo,container
138105,Sick in Australia (see hospital below),chunder,assemblage
87387,Many? Not so long and thanks for fish,manta,assemblage
53280,Warming drink that takes some beating,eggnog,double definition
128339,Brown's work for England made sons rebel,angelsanddemons,anagram
113959,"Essay penned by school square, a killer",strychnine,container
104392,"Vicious in a swarm, moreover",besides,container
52548,One accepts student as dim,unlit,container
13073,The devil to come up to?,scratch,double definition
70965,Zoroastrian flower in opera,parsifal,assemblage
122067,"Bring back some relic, if use relates to a Muslim",sufic,hidden word
133404,Cherish men forgoing male hour during function,enshrine,container
71078,Nothing can interrupt drink and drug,aloe,container
116380,Perhaps some of those at the company meeting don't have their own cases?,shareholders,double definition
87795,Tonic for yuppie flu found in truck,pickmeup,container
67971,Male bodybuilder ostensibly starts to become a he-man,rambo,assemblage
25389,Clubs find out about a church blessing,clearance,assemblage
111429,"Upper-class bigot is to peer, roughly, as middle class to lower?",petitbourgeois,anagram
16759,Letter from Greece about favoured animals,rhino,container
8710,Saw road agent removing wings,adage,hidden word
134887,Principle of not striking?,pacifism,double definition
33075,Hot spot not initially available?,ingle,assemblage
2588,Mature Conservative entering State Department,agency,assemblage
117372,Boy found embracing girl is beaten,lashed,anagram
46256,"Turns away from little green man, hair standing on end",alienates,assemblage
30481,"Replacing of ""ruth"" by ""quarter""",fourth,double definition
21894,"Car with Spanish identification, say",estate,assemblage
37922,Educational centre?,middleschool,assemblage
18939,Labourer's time with tanker,toiler,assemblage
72186,"People being treated, say, with forbearance",patience,double definition
80305,What can't be caught can be made bad in lieu,inaudible,anagram
91559,Knock and Cork possibly have kinship,rapport,assemblage
29919,Effective make-up in jar,potent,assemblage
66546,Rubbish government consumed by nastiness,bilge,container
113647,Put in charge? Quite the opposite,unload,double definition
76343,Trees burning at military base,aldershot,assemblage
134544,Current that's forced lower in blue rinse,downwash,assemblage
36390,"Travelling west, Slav spies Italian city",brescia,assemblage
89334,Caught amid whimsical manoeuvre,jockey,container
2941,Making it go round Eastern monarch,eking,assemblage
118630,"Being naughty, entice with sex",existence,anagram
88002,Steep climbing rocket an IRA man secured,marinate,assemblage
9956,"Cocky's got his own cover, it seems",selfassured,assemblage
14131,Suitable belief accepted by primate,apposite,container
12647,"Flatten headless, evil-tempered dwarf",roll,assemblage
63517,"Coming from Greece, men at sea",emergence,anagram
47317,"Rigorous process, biting banker",acidtest,assemblage
71680,Snobs? Rubbish!,cobblers,double definition
97230,What's funny about stuff,stow,anagram
17168,State positive European words maintained by Turner,louisiana,anagram
23048,Dutch product manufactured to be sent North,edam,anagram
99635,Unnatural is the hold-up,heist,anagram
117300,After heaving coal the old man needs something stronger,alcopop,assemblage
24515,"Almost declare, with runs at Oval briskly scored",allegro,assemblage
51757,No longer greeting completely frozen rain,allhail,double definition
131170,"Not precious stones, but possibly worn",pebbles,double definition
120800,"Source of milk shake, not quiet",udder,double definition
80163,"I'm la-di-da but, healthwise, not benign",affected,double definition
21851,Pick boundaries for lake district environs,selection,container
103444,Sean sent new order,neatness,anagram
21537,"Ran election chaotically, showing inability to endure possible consequence",intolerance,anagram
30954,Get Tom's goat? That's the last thing one would do!,putoutthecat,double definition
120859,Tories put out after Liberal leader waits around,loiters,assemblage
85575,Landowner's hidey-hole for game at Land's End,laird,assemblage
50002,Boating clothes in Durham?,riverwear,double definition
107523,Drums of one sailor used in another's backing,tablas,assemblage
138255,"Like English chaps in financial difficulty, in shame",debasement,container
98272,Eh? Ben's a confused old-timer,hasbeen,anagram
47483,"Covering for a wheel covering, so to speak",attire,assemblage
2401,Donkey and another old one,noodle,double definition
29841,Vicar takes tongue back,reverse,assemblage
126028,Look for the men of Smithfield,butchers,double definition
52453,Understand about opening heart in solemn procession,cortege,container
31596,A sentence to be penned?,custodial,double definition
111160,Among atheists he is pink,leftofcentre,double definition
71966,"Drive first person boarding cleaner, low-level transport",pushchair,container
36665,"Herein a peculiar tale, out of this world",ethereal,anagram
108331,Money? A little bit require for a little bit of food,breadcrumb,assemblage
21493,Johnny's ready?,cash,double definition
10039,"Silence, please, for the game",whist,double definition
63068,Cricketer yearns to face spinner,longstop,assemblage
123344,"Period in China, both useful and unpleasant",handynasty,assemblage
124419,Star puts curse on a music industry award: Boatman's lost,hexagram,assemblage
30287,Two bills I stuck on a tree,acacia,assemblage
75628,Instrument is changing pitch,sitar,anagram
105523,Record jazz session - end in deadlock!,logjam,assemblage
126186,Comply with the last of compulsory orders in cell,lymphocyte,anagram
34960,Guarantee securing a boy for a limited period,seasonal,container
32226,Is youngster able to eat here?,canteen,assemblage
13216,Mince pie and kipper for bon vivant,epicure,anagram
12960,"It's found in an old Balkan country, this fuel",anthracite,assemblage
35637,Antique pearls provide easy money,oldrope,assemblage
40470,What's meant by the end of Salem’s Lot?,mass,double definition
8849,Stole hospital garb idiot sent round,tippet,assemblage
37176,Theologian no go at operatic work,iolanthe,assemblage
18779,Piece of music lisped by beater,thong,anagram
115610,But they're not clerks of the course,turfaccountants,double definition
122254,Mad about daughter getting the sack over things never getting settled,baddebts,assemblage
111389,Journalist capturing relative in colour drawing,penandink,assemblage
78710,Desperate character in Pentonville cut short by hanging,pendant,assemblage
20772,Passage from a booklet,extract,double definition
28970,Slice of bread found on island - food that's attractively presented,bait,assemblage
113164,Not having been given a good enough hiding?,visible,double definition
134078,Real loss of work at showroom,salesfloor,assemblage
71401,Turn oven up at cathedral? I wouldn't bet on it,unlikely,assemblage
14663,Pleasant resort,nice,double definition
140038,Bygone period about which monarch appears too keen,overeager,assemblage
20133,Fireside bower,nero,double definition
85607,Cruise missing small film,coat,assemblage
141849,Brew one's drunk with more sediment?,bittier,anagram
41627,Sign of island growth,capricorn,assemblage
118295,Thinks the current recession splits friends,meditates,container
89810,Weep after a couple of cardinals drop off,snooze,assemblage
498,"Easily portable lamp, for example",light,double definition
86656,"Did the ""lumpen proletariat"" show signs of this plague?",bubonic,double definition
57101,Watch dances in which one has pupils,eyeballs,assemblage
8924,A scene suited for necromancy?,seance,anagram
59793,The legend of Arachne? That's a tall story!,myfoot,double definition
42247,Dined in college by the sound of it,eaten,double definition
65352,Aim to skirt centre of Manchester after all,intheend,container
88313,Model usually having points to teach class,trainset,assemblage
106994,A foreign place found by woman and daughter not on schedule,unplanned,assemblage
124012,Nasty tear on doll (snapped again?),retaken,anagram
107011,Take whatever's offered - it could make you party on!,anyportinastorm,double definition
56942,"Front of member, back of back, front of member",forearm,assemblage
80619,Many stay around to provide support for member,armrest,assemblage
24167,Many pull out of Split,cleave,assemblage
81643,Will settlement,determination,double definition
101378,Wrongdoing concealed by angry criminal where lawyers abound,graysinn,container
37946,Right to have one released by Martian,lien,assemblage
65154,Find flesh by the ear,meet,double definition
92399,Support given to good girl by the Mirror,pierglass,assemblage
21774,Number to facilitate and inspire truce,ceasefire,double definition
41416,Current head of English is new examiner,scrutineer,assemblage
65607,Clamp down on workforce,oppress,assemblage
101447,Trousers designed for passing water,drainpipes,double definition
55921,Vile manager oppressing masses half-heartedly,execrable,assemblage
19957,Lavish more on tramp? Not right,extravagant,assemblage
74120,A province with street harbouring cunning freedom fighter?,anarchist,container
139585,Japanese game is uplifting when astride pig,shogi,container
88395,Have Grandpa tee off with the Old Man,agedparent,assemblage
108181,"He won something sweet, far more than a can of coke!",charliebucket,assemblage
123023,"Penny, dead dishy thing",plate,assemblage
75534,"Run down gradient, tumbling close to barricade",denigrate,anagram
16765,First half of the big game,rhino,double definition
78690,"Get increase extremely tidily, which is crackers",batty,assemblage
137518,"In Spain, boy's clad in girl's hemp",marijuana,assemblage
95557,Circuit with a current in front helps one pick up?,hearingaid,assemblage
7090,"Miserable miss, on reflection, breaking engagement",desolate,container
63262,Helpful having fluorine in the water,ofuse,container
86536,Tory leader on board for English flower,trent,assemblage
1550,"Writing after death, I go in to bury a revolutionary",obituary,anagram
120367,In church a rebellious choirboy makes a bloomer,harebell,assemblage
91090,Tirade with nursemaid about to become purple,amaranth,assemblage
114995,"I must note effect of putting verbs at end of clauses, say",teutonism,anagram
41251,Instrument for getting firm out of rotten mess,cornetto,anagram
129641,"Fish channel, deep sounds with this",bassvoice,assemblage
106667,German paintings with the Queen reflected in an upper chamber,garret,assemblage
25450,"Rusbridger cycled in, worn down",eroded,hidden word
131583,Men found underground cathedrals? No way!,miners,double definition
6610,Loathe how much some directors get paid?,execrate,assemblage
134975,Small crocodile hunter alarmed,shook,assemblage
22198,Continue to play in London,acton,assemblage
121600,Endlessly continue holding tool in dish,kedgeree,assemblage
78975,Ralph got to marry the captain's daughter and torture a cabinet minister,rackstraw,assemblage
81307,One sort of mansion that would stop you from going off,insomnia,anagram
118518,Turns up a real oddity - it's uncanny,supernatural,assemblage
13700,Where to get meat in set menu,estaminet,hidden word
140872,They said I must leave supply outside empty store now,thesedays,assemblage
36459,Twist one taken out of circuit,wring,assemblage
