Index,Clue,Solution,Spaced_Solution,gemma_predicted,gemma_solved_answer
77103,"In Germany, thin girls can eat this!",anything,anything,container,ANYTHING,1
42357,Coarse-sounding son's in the wilderness,dessert,dessert,container,DESSERT,1
1059,The fellow apprehending one felon,thief,thief,container,COPPER,0
21744,Last year's leaders entertained by regular journalist,evelyn,evelyn,container,EVELYN,1
3077,Butcher breaks bent pan,skillet,skillet,container,HAMMERS,0
39603,Bend down to king in Chesterfield,crouch,crouch,container,STOOPS,0
116403,"In the chair, restraining Democrat under influence of drugs",sedated,sedated,container,RESTRAIN,0
139673,Pays for food after treasurer cleared out,treats,treats,container,DINERS,0
8288,Feel sorry when soldiers get to guard Roundhead,regret,regret,container,REGRET,1
30362,Temporary work welcomed by young boxer?,popup,pop up,container,STEP UP,0
124142,Country girl briefly eating duck,laos,laos,container,LAOS,1
25715,Noble's wayward cousin hugged by retired transvestite,viscount,viscount,container,BARONESS,0
132156,Range of dumps accommodating virile blokes by day,themendips,the mendips,container,THEMENDIPS,1
46777,Country song about American getting back from Detroit,austria,austria,container,ALABAMA,0
56548,Fooled by absorbing Resistance story,hardtimes,hard times,container,HARDTIMES,1
107238,Bar containing drop of liquid comfort,salve,salve,container,SALVE,1
63341,Heartlessness and senselessness about olfactory offensiveness,inhumanity,inhumanity,container,IMMORALITY,0
139462,"Began turning up carrying cargo, initially of spoils",detracts,detracts,container,REWARDS,0
43900,Identifying pattern that's bound to squash one irritant,signature,signature,container,SIGNATURE,1
17405,Vivacity normal in retreating deer,sparkle,sparkle,container,SPARKLE,1
89801,Hood hardly ever appears over nothing,scarface,scarface,container,MASKERADE,0
114209,"Discreet, caught in bad fault",tactful,tactful,container,TACTFUL,1
115851,Struggle across line to finish,complete,complete,container,OBSTRUCT,0
37022,Wrinkles between features in a premature state,earliness,earliness,container,IMMATURITY,0
101215,Come down to earth about p-payment for a sweet,toffeeapple,toffee apple,container,TOFFEEAPPLE,1
13238,Motorists seen in distance - it's inexplicable,miracle,miracle,container,MIRACLE,1
26545,I mostly remain in agreement in believing in God,deistical,deistical,container,THEISTICALLY,0
112205,Displace journalist that has complaint about energy,edgeout,edge out,container,PUSHIN,0
4871,Charming and delicate female seen in reflection of river,elfin,elfin,container,FAIRY,0
54355,"Writer, a good man, seen inside foreign restaurant",bistro,bistro,container,CAFÉTS,0
549,Pain beginning to hurt in one,ache,ache,container,BURN,0
100634,Poem about mountains given top grade -- sparkling stuff,orangeade,orangeade,container,MOUNTAINEER,0
131081,"In a maddening way, shrewd Brown standing inside",frustratingly,frustratingly,container,MISUNDERSTANDING,0
31731,"Wild duck swallows English dram, if dry",teetotal,teetotal,container,TEETOTAL,1
39851,He fails to show up the defect in the return pipe,defaulter,defaulter,container,ABANDONER,0
91842,Spending allowance to be cut in move,budge,budge,container,BUDGE,1
90127,Giving medical treatment to stray pet held,dosing,dosing,container,DOSING,1
43685,Player with no time for a bet,fluter,fluter,container,GAMING,0
134058,Harry and Henry nabbed by someone not in uniform,chivvy,chivvy,container,CHIVVY,1
120426,Prime made out to include another,seven,seven,container,FIRST,0
44396,No time for Mister Scrooge,miser,miser,container,STING,0
14311,Plant with a sting stuck in the chimney,laburnum,laburnum,container,HEMLOCK,0
36078,"Soldier's gear, which stays at home",tinhat,tin hat,container,ARMOUR,0
119078,"Time off, stuff punctuated by irregular pay",gapyear,gap year,container,GAPYEAR,1
93033,Record claiming uranium is brownish-grey,taupe,taupe,container,SHALE,0
88134,Wolf circling eastern Galloway?,george,george,container,HIGHLAND,0
58772,"Hundreds pocketed by accountants, the rotters!",cads,cads,container,ARTS,0
87361,Heartless Shakespeare heroine keeping beret for a head,percapita,per capita,container,PETROLEUM,0
116622,Ruled measure government introduced must be reversed,reigned,reigned,container,REIGNED,1
21476,"Engaged, that's the outcome about me and a girl",enmeshed,enmeshed,container,ENTANGLED,0
128290,Tough solidity for road transport crossing a bit of rail track,burliness,burliness,container,BURLINESS,1
38797,English general accepts tax raise,elevate,elevate,container,IMPOSE,0
77301,Gets the dog and looks around,secures,secures,container,SECURES,1
135945,Tubes bringing a form of medication to stop decay,capillaries,capillaries,container,MEDICATIONS,0
111629,Criminals returning so as to be split in opposing,cosanostra,cosa nostra,container,ORGANISERS,0
7600,Left holding baby after this,labour,labour,container,PARENT,0
10326,Lousiest material editor's chucked out,worst,worst,container,POORER,0
105900,Not a street where things happen,venue,venue,container,VENUE,1
118322,"Cajole alien, within reason",getround,get round,container,GOADIN,0
14203,Cleaner copies including past papers,coldcream,cold cream,container,WHITEWASH,0
74224,Worry about horse slaughter,carnage,carnage,container,CARNAGE,1
54062,Signified by inserting negative in Act,denoted,denoted,container,MARKED,0
28030,"Doctor, one breaking smart fellow's chemistry apparatus",alembic,alembic,container,ALEMBIC,1
22581,Water drowned second biblical brother,esau,esau,container,EDEN,0
22983,Surgeon given sixpence outside the theatre,trepanner,trepanner,container,TREPANNER,1
121769,Yellow streak will put celebrity status out of order in time,dastardy,dastardy,container,GALLANTS,0
49010,Relative gives away article free,untie,untie,container,KINDS,0
93780,"Bill wears Sikh wedding rings, hard in a Muslim land",bangladesh,bangladesh,container,PAKISTANIS,0
573,"Faithful, but getting new man into bed",constant,constant,container,LOYALIST,0
10902,Cheap accommodation always in part of journey,steerage,steerage,container,STEERAGE,1
63379,Fish seems to be right in the light,bream,bream,container,SHARK,0
108160,"Inexpert folk, handicapped, retaining unknown name",laymen,laymen,container,NOVICE,0
111080,Noise inside gear when travelling,riding,riding,container,MOVING,0
7301,Angry outburst from one stuck in traffic,tirade,tirade,container,TIRADE,1
130849,Inadequate lavatory in filthy place,scanty,scanty,container,SCANTY,1
15464,Girl turned over one in the grass,sisal,sisal,container,NYMPH,0
23145,Sharp taste rolled around centre of mouth,astute,astute,container,ACIDIC,0
114103,Book Nine in academic citation,donquixote,don quixote,container,GREAT EXPECTATIONS,0
50323,Peg will see about soldier getting back,spigot,spigot,container,TAPPER,0
127587,"In running for cover, lesbian freely admits ""game up""",insurable,insurable,container,REASONABLE,0
134593,Cold island imports temperature,stark,stark,container,BLEAK,0
31228,Directions are in the mail for making a warming winter drink,posset,posset,container,COCOAS,0
21423,Beast about to catch girl - not fair!,brunette,brunette,container,BRUNETTE,1
9774,Kangaroo eating large loaf,bloomer,bloomer,container,HOPPER,0
70974,Humble cleric taking me to heart,demean,demean,container,REVILE,0
67206,Bird is injected with thiamine,ibis,ibis,container,IBIS,1
62043,"Note circling reptile is a threat, in the main",uboat,u boat,container,IRAN,0
71737,English naval officer is about to impress,commandeer,commandeer,container,COMMANDEER,1
105218,Directions limiting poet producing epic verse,epopee,epopee,container,EPOPEE,1
95116,Primate admitting self-elevation is the highest point,apogee,apogee,container,SUMMIT,0
137457,"Poor Billy, regularly infested with moth",beggarly,beggarly,container,BEGGARLY,1
119800,A spinner's short period in work,gyro,gyro,container,TERM,0
46277,They do up house: home counties housing spikes,shoelaces,shoelaces,container,HEADGEARS,0
1792,"Plane perhaps hijacked by buccaneer, turning back",tree,tree,container,RAFT,0
104569,Prepared to pass through study,readied,readied,container,READIED,1
55717,Make annoyed and angry about unfinished ceremony,irritate,irritate,container,IRRITATE,1
81603,Unfeeling male absorbed in the nitty-gritty,numb,numb,container,DENT,0
73538,Smack around side of face: buzz off!,clearout,clear out,container,FLANKED,0
54350,Writer goes round stone consumer's place,bistro,bistro,container,BISTRO,1
107398,Force occupants of central Venice to be displaced by macho types,vehemence,vehemence,container,RESIDENCE,0
46677,Screw going round prison in fear,panicky,panicky,container,PANICKY,1
16962,"Most insignificant little bird circling European river, endlessly rising",tiniest,tiniest,container,ATOMICS,0
54089,"Going round by word of mouth, part gets assimilated",orbital,orbital,container,ORBITAL,1
116756,Upending Brad in a barrel is courageous,valiant,valiant,container,BRAVERY,0
121689,A king given independence in new surroundings is a bit odd,freakish,freakish,container,REGIONAL,0
24565,Hear about a new type of pen without getting excited,tranquilly,tranquilly,container,TRANQUILLY,1
119271,Meat Hazard placed in trap,griskin,griskin,container,GRISKIN,1
109281,Drive around in carriage with zeal,fervidly,fervidly,container,FERVIDLY,1
63155,"Perishes, without help, from illness",diabetes,diabetes,container,DIABETES,1
57658,"Sign of something wrong with performance? See about that, just!",exactly,exactly,container,EXACTLY,1
22728,"Checked in, in a rush",reined,reined,container,HASTED,0
127164,Time in replicated environment provides excitement,stimulation,stimulation,container,REPRODUCTION,0
71619,One caught by the actual crime,thievery,thievery,container,ROBBERY,0
13974,It was created with latitude in the scriptures,world,world,container,GLOBE,0
61074,Happen to see bird nesting as resident,occupier,occupier,container,OBSERVER,0
95092,"Having ensnared male, sexy cuddles on the agenda",scheduled,scheduled,container,SCHEDULED,1
63169,Attractive catch in illusionism,magnetic,magnetic,container,CHARISMA,0
46189,Philosopher passing through American Customs,usages,usages,container,REASON,0
84221,"Bottle company prompt, coming about midday",courage,courage,container,COURAGE,1
81856,Poster plugging good show is boasting,bravado,bravado,container,DISPLAY,0
111133,Fruit getting stuffed with date and walnut toppings for tellers of tales,oldwives,old wives,container,OLDWIVES,1
50977,In favour of accepting a pound in coin,florin,florin,container,CREDIT,0
123823,Rejects chipped plate with pasty in it,disallows,disallows,container,REJECTING,0
76829,Stays if made content,satisfy,satisfy,container,RETAINS,0
5641,"Winds about, missing the German ways",means,means,container,IDEAS,0
79354,"Female in a feeble way in sultan's place, in need",womanish,womanish,container,WOMANISH,1
29728,"Poem, say, inscribed in cathedral",elegy,elegy,container,LYRIC,0
117222,Monsters out of hospital go to fatherland,wales,wales,container,GERMS,0
57663,Go through childhood with small gang of people around,growup,grow up,container,TEAM UP,0
66546,Rubbish government consumed by nastiness,bilge,bilge,container,SLIME,0
89334,Caught amid whimsical manoeuvre,jockey,jockey,container,JOCKEY,1
14131,Suitable belief accepted by primate,apposite,apposite,container,APPOSITE,1
21851,Pick boundaries for lake district environs,selection,selection,container,SELECTION,1
138255,"Like English chaps in financial difficulty, in shame",debasement,debasement,container,DEBASEMENT,1
52453,Understand about opening heart in solemn procession,cortege,cortege,container,CORTEGE,1
71966,"Drive first person boarding cleaner, low-level transport",pushchair,pushchair,container,CARRIAGES,0
34960,Guarantee securing a boy for a limited period,seasonal,seasonal,container,SEASONAL,1
118295,Thinks the current recession splits friends,meditates,meditates,container,CONSIDERS,0
65352,Aim to skirt centre of Manchester after all,intheend,in the end,container,INTHEEND,1
101378,Wrongdoing concealed by angry criminal where lawyers abound,graysinn,grays inn,container,BAD ACT,0
74120,A province with street harbouring cunning freedom fighter?,anarchist,anarchist,container,REBELLION,0
139585,Japanese game is uplifting when astride pig,shogi,shogi,container,HORSE,0
7090,"Miserable miss, on reflection, breaking engagement",desolate,desolate,container,DESOLATE,1
63262,Helpful having fluorine in the water,ofuse,of use,container,ON TAP,0
134039,"Agreed it's forged, detectives admitted",coincided,coincided,container,COINCIDED,1
7060,"Shown the way in, as well, in Spain",toledo,toledo,container,MADRID,0
103054,United Nations upholding a role for American statesman,utahan,utahan,container,ACTORS,0
99308,Tiny distance covered by which bird?,whinchat,whinchat,container,MINIMALS,0
135048,Guts shown by couple turning and smothering last of fire,duodena,duodena,container,RETAINS,0
7355,London university splitting noble gas particle,nucleon,nucleon,container,PLATFORM,0
139050,Not at home during quiet quarter,south,south,container,NORTH,0
50399,Wait under a second with the eyes of an optimist,starry,starry,container,STARRY,1
66633,A painful condition oppresses one rodent,agouti,agouti,container,ANGINA,0
43447,Point to a hundred in stock that's prolific,fecund,fecund,container,PLENTY,0
7916,Ignore alarm bells echoing in error,sleepin,sleep in,container,SLEEPIN,1
61682,American thug pinches Nintendo console for child,godson,godson,container,RASCAL,0
8033,Plain tart takes in Romeo's look,prairie,prairie,container,PASTURE,0
75425,"Reached high to marry, taking in royalty",towered,towered,container,TOWERED,1
54837,"Doctor having admitted crime, it's curtains for him!",draper,draper,container,DRAPER,1
62087,Animosity about responsibilities is concerning rogues,picaresque,picaresque,container,REPROACHES,0
85318,Crowds turning up for play about love,troops,troops,container,PEOPLE,0
114810,Relative beings from an edge of space bounded by locators,sisters,sisters,container,PLANETS,0
128642,"Emits gas skyward, securing incomplete image of sports icon",steffigraf,steffi graf,container,BLOWFISH,0
12734,"Panic, being about a hundred short",scarce,scarce,container,ANXIOUS,0
69809,Teach development in the glen,enlighten,enlighten,container,ENLIGHTEN,1
79037,Can active culture protect against disease?,vaccinate,vaccinate,container,IMMUNISEE,0
87103,Convict surrounded by a stack of booty,pillage,pillage,container,PLUNDER,0
103666,Lots of storage needed when Ms Roslin moves into French accommodation,gigabytes,gigabytes,container,MEGABYTES,0
21701,Book in first-class accommodation for one in opposition,anti,anti,container,AXIS,0
27085,Very pretty is Peg when carrying little weight,twee,twee,container,FINE,0
22962,The Castilian comes into part of the story,relation,relation,container,NARRATOR,0
74518,Soldiers authorised to appropriate a vehicle - and appropriate's the word for it!,relevant,relevant,container,RELEVANT,1
84417,Sound of crew receiving nowt?,moan,moan,container,YELL,0
85266,Model is bashful grabbing a pee,copy,copy,container,SHYLY,0
123776,Steal work left during work period,shoplift,shoplift,container,SHOPLIFT,1
57601,Animal makes nest in rubbish,rodent,rodent,container,HABITS,0
54707,Cover for beast that eats cooked hams,yashmak,yashmak,container,YASHMAK,1
27169,Make certain of result by capturing rook,ensure,ensure,container,ENSURE,1
91518,Bridge player takes smack that's most pure,whitest,whitest,container,CLEANEST,0
112618,Allen losing everything in Sin City,venice,venice,container,VENICE,1
55582,Diligent couple welcoming Lawrence to the States,duteous,duteous,container,DUTEOUS,1
76166,Prejudice exists to break up a masterpiece,ageism,ageism,container,RACISM,0
65112,Death of parent touring Peru,reaper,reaper,container,REAPER,1
40949,Shade round bottom of willow tree,rowan,rowan,container,ROWAN,1
120945,Conflict taking month to heat up,warm,warm,container,FRAY,0
17095,Place where no one tense is put up,situation,situation,container,SITUATION,1
43581,"Cry from wolf, perhaps, breaking gate",entreaty,entreaty,container,PLEADERS,0
104171,Poet's written about return of Irish hooligan,larrikin,larrikin,container,REPORTER,0
70663,I wave - interrupting myself with skill - to show no chance of leaks,impermeability,impermeability,container,INCOMPATIBILITY,0
117563,Primate includes a bishop in blessing,baboon,baboon,container,ORANGE,0
33680,Agent without sleep is irritable,snappy,snappy,container,GRUMPY,0
35458,Endless Soviet labour camp fenced by stake with spikes,angulate,angulate,container,STAKEOUT,0
16319,Islander gutted coastal town,briton,briton,container,WELSHS,0
81877,"Journos, gathering in loose ends, raise them in anger",hackles,hackles,container,REACTIONS,0
13481,Abuse found in rapid dispensing of drugs,pharmacy,pharmacy,container,APOTHECARY,0
13035,Bound to put small amount in hat,limited,limited,container,RESTRAIN,0
45571,Laments about flowers for virtuous statues,plastersaints,plaster saints,container,PLASTERSAINTS,1
3200,A foot of water in the diocese,spondee,spondee,container,ARCHERS,0
60472,Councillor that is protecting main character in Miami Vice,crime,crime,container,ACTOR,0
17091,Upset about head of family one's butted?,rifle,rifle,container,ANGER,0
92006,Company importing wine is manageable,plastic,plastic,container,REASON,0
5752,"Most respected member, female poet entertaining you",doyenne,doyenne,container,DOYENNE,1
65442,It's pinned to hold in fabric,grenadine,grenadine,container,GRENADINE,1
141335,"Create difference, namely in refereeing scandal?",variegate,variegate,container,DIFFERENT,0
139094,"Rich man making appeal for help, having hoarded gold",soros,soros,container,TITAN,0
57065,UN quits panel sitting in judgment of a group,tribal,tribal,container,SOCIAL,0
12537,Make allowances when catching the tube,catheter,catheter,container,CATHETER,1
58833,"In the stretch between wings, a sole player",thespian,thespian,container,AVIATION,0
121204,"Universal fighter in imaginative work, Asia's missing pest controller",fumigant,fumigant,container,VIGILANT,0
33279,Captain is first into bed,pilot,pilot,container,LEADER,0
90495,"They're here, being inexperienced in the ATS",attenders,attenders,container,BEGINNERS,0
71891,"Father in pain, but brave",apache,apache,container,HEROIC,0
44521,"Cut inside out, including first chapter",incised,incised,container,REVERSE,0
12896,Adult taken in by party game,snap,snap,container,SNAP,1
83720,Dancer to see in uniform,salome,salome,container,SALOME,1
13482,Drug provider causing fast internal damage,pharmacy,pharmacy,container,APOTHECARY,0
34947,Meal inside the German hotel,dinner,dinner,container,LUNCHS,0
3354,English associate adopts an issue,emanate,emanate,container,ORIGINS,0
137986,Be inclined to keep work of the highest quality,topend,top end,container,AIMED,0
102660,Politician with burst ulcer getting out of crush,crumple,crumple,container,REMODEL,0
20350,Space to include afterthought on one line over letter,epsilon,epsilon,container,REPLIES,0
103019,Smirked before getting taken outside,leered,leered,container,LEERED,1
139048,Desolate portrait painter holds on,lonely,lonely,container,LONELY,1
140509,Foxy Liberal secured for Strictly,slavishly,slavishly,container,LOYALISTS,0
67897,Lied about a king's garment,sarong,sarong,container,ROBEES,0
109040,"Conceals in hand, holding second book of verses",psalms,psalms,container,PSALMS,1
109953,"Foot I test out, trapping two balls?",tootsie,tootsie,container,TOOTSIE,1
82109,Came across a can containing nothing in the bottom,foundation,foundation,container,DISCOVERY,0
109800,Chief designer admitting resistance to shock treatment …,director,director,container,ARCHITECT,0
124475,Decisive defeat with terrorist group at first in poor spirits,rotgut,rotgut,container,ROTGUT,1
14785,Article about soldier's figure,three,three,container,THREE,1
77439,Gubbins the church brought in for limiting population,contraception,contraception,container,CONTRACEPTION,1
82772,Explosive individual in explosive situation off the coast,thesolent,the solent,container,HOT SPOT,0
42374,Excited about nothing? That's a laugh!,hoot,hoot,container,HOOT,1
44670,Meeting of opponents in choice setting,plenum,plenum,container,ARENAS,0
82599,Merseyside Blues become green in time,everton,everton,container,FORESTS,0
61990,Girl taken in by scholar's miraculous food,manna,manna,container,MANNA,1
122645,Nordic person catches an extra fish,finnan,finnan,container,ICELAND,0
115979,Prospector keeps sick retailer,milliner,milliner,container,SHOPKEEPER,0
71111,It's cunning to carry a weapon with a loud noise,stridently,stridently,container,IMPERIOUSLY,0
47608,Informer keeps president absorbed,rapt,rapt,container,RAPT,1
41044,Sound made by soldier entering hostelry,logical,logical,container,RATIONAL,0
39386,Makes financial provision on getting bad news about party,endows,endows,container,GIFTS,0
32773,Settled group covered in embarrassment,resided,resided,container,BLUSHED,0
52696,Discover ruffian keeps right in front of the fire,hearthrug,hearthrug,container,RESTRAINS,0
58680,Home established in primitive setting with determination,earnestly,earnestly,container,EARNESTLY,1
55455,Tame animal - it is eaten by wild one wanting food,appetite,appetite,container,APPETITE,1
24542,"Flower, European, containing odd bits of blue receding",danube,danube,container,DANUBE,1
115372,Obscene play - interrupt endlessly,prurient,prurient,container,REPEATED,0
1134,Worker accepted Lawrence before becoming a fan,adherent,adherent,container,ASSISTER,0
72813,Butcher eating right seafood,krill,krill,container,STEAK,0
66417,Put down action restricting newspapers,depressed,depressed,container,DEPRESSED,1
57932,One in a row put in dries out,disputer,disputer,container,REPORTER,0
51436,Richard about to drop a brick from crane,derrick,derrick,container,DERRICK,1
135242,Many a servant wants to hold you back,lackeys,lackeys,container,LACKEYS,1
115225,Fuss about drink - situation causing disapproval?,arumdo,a rum do,container,ADOX,0
58079,Jocularly feared? Jocularly killed's about right,dreaded,dreaded,container,DREADED,1
130032,Bean you are told to put in liqueur,curacao,curacao,container,CURACAO,1
118835,"Presiding officer, a Marxist, driven round in car",moderator,moderator,container,MODERATOR,1
138930,"Plucks out, at last, name amongst sporting partners",twangs,twangs,container,TWANGS,1
114302,Country put in a word of thanks for foreign capital,tirana,tirana,container,TIRANA,1
100749,Roman leader's watching out for Roman poet,virgil,virgil,container,VIRGIL,1
61652,Ring road goes round a kiln,oast,oast,container,OAST,1
125182,Be involved with a lot of time put into unfinished machine,engagein,engage in,container,INVESTED,0
103977,Journalists in house taken up as recruits for the navy,impresses,impresses,container,IMPRESSES,1
95274,Jailed Liberal group?,clan,clan,container,CORP,0
5601,Maintain penniless specialist,exert,exert,container,PRESS,0
73737,Setter withdraws; Berber remains,embers,embers,container,ASHENS,0
120101,Waterside bird going unsteadily around end of pond,reedling,reedling,container,WANDERING,0
62128,Saving firm beset by money trouble,economy,economy,container,FINANCE,0
137279,Revered former editor pinching a large journalist's bottom,exalted,exalted,container,EXALTED,1
103517,Shanty about popular salt?,seasoning,seasoning,container,SEASONING,1
12739,Having clear head in panic is unusual,scarce,scarce,container,SCARCE,1
86561,"Liberated, topless and hot, embraced by one who pulls hippie type",treehugger,tree hugger,container,FREEDOMER,0
108483,Reserves have to practise during breaks,restraints,restraints,container,RECREATION,0
112949,French university in German city's resentful about it,sorbonne,sorbonne,container,HAMBURGS,0
30914,Passage taken from book unless grabbing reader at the start,excerpt,excerpt,container,EXCERPT,1
92929,Elizabeth I's favourite beer in curtailed privilege,raleigh,raleigh,container,PRIVETS,0
137810,Shifty of you French to pinch Naomi's bottom,devious,devious,container,ARTFULS,0
43804,"It's a capital living, admits one leading jockey",beijing,beijing,container,BEIJING,1
28437,A case of silence stifling passion,sheath,sheath,container,COVER,0
96141,A measure adopted by prince of the blood,haemal,haemal,container,HAEMAL,1
84685,"George Orwell and Colette finally breaking even, which produces a high note",flageolet,flageolet,container,FLAGEOLET,1
140446,African people go off into depot,barotse,barotse,container,NATIVES,0
74584,Diva cries about article,callas,callas,container,OPERAS,0
29525,Fellows entering into a welcome correspondence,agreement,agreement,container,ALLIANCES,0
135527,Gardner is hugged by admirer in plant,favabean,fava bean,container,PEACHY,0
129908,Therapist of the nose? Pay attention to include wise report about that,psychoanalyst,psychoanalyst,container,PSYCHOANALYST,1
37465,What's gloomy about me - I can't concentrate,dreamer,dreamer,container,MOURNER,0
135701,Leaked info set back work during disputes,tipoffs,tip offs,container,SETUPS,0
45234,Draw sleek creature in lovely shell,lottery,lottery,container,LOTTERY,1
128742,A radio personality in a hairstyle that's a mess,abadjob,a bad job,container,BAD BOB,0
26632,"Bishop drinking whiskey with solver, unemotional",dryeyed,dry eyed,container,LOW SPIRIT,0
22563,Greek captured by wanton scoundrel,rogue,rogue,container,CADGE,0
54349,Way out writer in French restaurant,bistro,bistro,container,ESCAPE,0
72395,"Sage, I'm sorry to say, comes back around six",salvia,salvia,container,RECALL,0
99858,Column of Dutch sheep?,newel,newel,container,RAMEN,0
67831,Reel drunkenly in game lacking spirit,cheerless,cheerless,container,MOTIONLESS,0
24369,Experts attempt to incorporate new blood,ancestry,ancestry,container,ANCESTRY,1
84007,Refusal to include pollarded tree in mock sea battle,naumachy,naumachy,container,NAUMACHY,1
72899,"Look in the bin, to wit, to get one's own back",scavenge,scavenge,container,RETALIATE,0
4624,Roundhead boarding weary compiler's boat,trireme,trireme,container,TRIREME,1
68820,"Descartes seen outside clinic, half-shattered, needing rest",recline,recline,container,RECLINE,1
29936,Communist receives a caution over Socialist fortune-tellers,tarotcards,tarot cards,container,REDFLAGS,0
73739,Cavalryman turns back without thinking about us,hussar,hussar,container,HUSSAR,1
30843,"Paddy takes it, being small",petit,petit,container,TINY,0
110483,Blend includes art arranged in rectangular array,matrix,matrix,container,MOSAIC,0
58232,Turn evil during temperance drive by New Labour?,modernisation,modernisation,container,REVOLUTIONARY,0
64335,"Rope, look, tethering donkey",lasso,lasso,container,CORDS,0
9137,Force hospital into consortium,thrust,thrust,container,THRUST,1
119364,Where top artists seek inclusion with nude?,intheraw,in the raw,container,ARTLESS,0
21240,"The rock of ""rock, paper, scissors"" keeps right on top",first,first,container,FIRST,1
12824,Charlie leaves boat for shrine,oracle,oracle,container,TEMPLE,0
122095,"Solicitor nabs service people, securing title in contest",tournament,tournament,container,TOURNAMENT,1
1219,Juliet's town is not on for her,vera,vera,container,VERA,1
21003,Insect burrowing into straight banana,plantain,plantain,container,PLANTAIN,1
73202,Falsely accused by FBI man about crash,framed,framed,container,FRAMED,1
115234,Excessive praise about Edward at university starting course for mature students,adulteducation,adult education,container,FLATTERYCOURSE,0
104625,Boy from the West in Scottish burgh,edwin,edwin,container,ALDER,0
123401,Spicy stuff to read outside pub before lunch,cinnamon,cinnamon,container,PEPPERED,0
43593,Like beauty of a sort with ooze about it,skindeep,skin deep,container,SHALLOW,0
107689,"Politician, during progressive period, is acquiring intelligence",reconnaissance,reconnaissance,container,COMPREHENSIVENESS,0
37564,Miracle drug for backside in trouble,elixir,elixir,container,REMEDY,0
7968,"A powerful man, the ambassador makes a pronouncement about cold",hercules,hercules,container,HERCULES,1
65680,Belief about view endlessly increasing,crescendo,crescendo,container,ASCENSION,0
38417,"Refuse to ride horse, using whip",thrash,thrash,container,THRASH,1
102956,Individual giant houses for Renaissance man,titian,titian,container,TITIAN,1
9206,"Continent, not island, shortly to be put in geography book",atlantis,atlantis,container,AMERICA,0
4790,Beefy type crosses state to find gem,onyx,onyx,container,ONYX,1
124445,Began to wriggle around in truck,loganberry,loganberry,container,MOTORWAYS,0
126215,Hot glow of anger in experience with BA?,firelight,firelight,container,HIGHLIGHT,0
40719,Secretary in the States is a sap,upas,upas,container,ABLE,0
70011,Vulgar American four entertained by their President no longer,abusive,abusive,container,ABUSIVE,1
45410,A number observed outside happening,seventeen,seventeen,container,OCTOBERLY,0
57257,Labour to keep arbitrator in clover,trefoil,trefoil,container,WORKERS,0
80682,Left in peace at a square in Madrid,plaza,plaza,container,PARKS,0
60885,Plan to secure new role is adequate,tolerable,tolerable,container,ACCEPTABLE,0
122333,Sweet things in book collection most delightful,nicest,nicest,container,LOVELY,0
12474,Responsible for what's inside fuse,behind,behind,container,BEHIND,1
52202,"Brought up changes to delete, outlining state",elevated,elevated,container,ELEVATED,1
61366,Flinch from having bell in church,cringe,cringe,container,CRINGE,1
1970,"Primate swallows vegetables to satisfy hunger, perhaps",appease,appease,container,APPEASE,1
2724,Frail insect eating a single document,flimsy,flimsy,container,FLIMSY,1
85826,Grass home for d-devil housing an explosive,indianhemp,indian hemp,container,IRISHLAWN,0
45774,Fliers distributed; sheet contains mockery,persiflage,persiflage,container,PERSIFLAGE,1
117667,"Moan, if drink's drunk hot",whine,whine,container,GROAN,0
45657,Artist twice entering dock,cubist,cubist,container,PAINTER,0
131162,"Digit's good, dividing number reportedly better",forefinger,forefinger,container,FOREFINGER,1
116658,Is card between pair of diamonds swell?,distend,distend,container,DISTEND,1
8739,Gather there no getting out of hell,infer,infer,container,ADMIT,0
141937,Place vessels around large plot,layplans,lay plans,container,LAYPLANS,1
107597,"They grip food, both hands stuffed inside edges",pliers,pliers,container,PLIERS,1
142221,"Having coat on boat, catching river fish",mackerel,mackerel,container,MACKEREL,1
141187,A king boarding plane that's less reliable,flakier,flakier,container,WEAKER,0
7682,Stake fixed by partners in French city,nantes,nantes,container,NANTES,1
84399,"One saving another animal, implanting organ",deliverer,deliverer,container,DELIVERER,1
20821,"Midge swallowed by medic, an artist",durer,durer,container,HEALS,0
87715,Doctor maintained by benefit gets an easy ride,doddle,doddle,container,SIMPLE,0
79361,Tenor's heart evident in doleful lament,monody,monody,container,SORROW,0
68454,Bit good to split seed with first of tools,segment,segment,container,SEGMENT,1
64611,Performed by singers restraining novice with a sedative,chloral,chloral,container,CHLORAL,1
91258,Fruitcake's quality was keeping cows in gas,wackiness,wackiness,container,ABSURDITY,0
139161,"What you might need, when at first you spot wasp in apartment",flyswat,flyswat,container,REPRESS,0
31814,Coward takes in catch coming back in the Med,lebanon,lebanon,container,LEBANON,1
63445,Family member that's wearing glasses,species,species,container,SPECIES,1
48057,Silver in heavenly ornament,astragal,astragal,container,HALOIDES,0
50596,Green fabric bags I almost go crazy about,ecological,ecological,container,HYPOTHETICAL,0
85528,Priest holding bird's bone,femur,femur,container,HUMER,0
139761,In favour of US president sacking Democrat,for,for,container,YES,0
67491,"Old god not entirely into dance, a wasted evening?",boozeup,booze up,container,BLUES UP,0
114950,Large area runs round European court,hectares,hectares,container,HECTARES,1
139973,"What solicitor did, brought in to defend international group",importuned,importuned,container,INQUISITOR,0
97755,Girl's call about fruit,cherry,cherry,container,PEACHY,0
89985,Avoid bog in river crossing,forfend,forfend,container,DEFENDS,0
98134,"Fish to go off course, one no good getting caught",stingray,stingray,container,WAYWARD,0
8449,"Kind of bun, besides, being dunked?",chelsea,chelsea,container,CHELSEA,1
90758,Time in ugly retreats,hideouts,hideouts,container,HIDEOUTS,1
53347,Period of trouble keeping control of image,april,april,container,ANGER,0
132622,Doc embraces member backing eastern chum,comrade,comrade,container,PARTNER,0
125566,Upset Poet Laureate during illness,displease,displease,container,DISPLEASE,1
110875,Loan sharks supply drug addicts around the city,usurers,usurers,container,RETAILERS,0
77923,A doctor full of filth - potential abuser of patient?,admirer,admirer,container,HEALERS,0
74773,Scientist is sick in basket,boffin,boffin,container,BOFFIN,1
5211,Crack very visible in bottom of shoe,solve,solve,container,HEELS,0
118552,"Bloody woman holding heads of people and lowering beneath river, perfect",exemplary,exemplary,container,IMPECCABLE,0
20318,Movement of man in hazard,andante,andante,container,GALLOPS,0
92371,"Note bum note, including note right now",atonce,at once,container,UNDO,0
75363,"Melodious piece of English used in Peterborough, formerly",songlike,songlike,container,SONGLIKE,1
103454,Arab channel now received in smart part of London,wadi,wadi,container,AREA,0
123079,Capital overly protecting the state,tokyo,tokyo,container,OSLO,0
41874,Charge again to see large duck in show,reload,reload,container,RELOAD,1
70444,Preserve weapon a boy found in Eastern state,marmalade,marmalade,container,ARMAMENTS,0
118536,New student's missing father somewhere in Surrey,esher,esher,container,LEARN,0
15226,"Canal worker, one doomed to carry fallen idol?",gondolier,gondolier,container,GONDOLIER,1
54103,Girl putting screen round painting,grisaille,grisaille,container,GRISAILLE,1
67522,Contract put away during evaluation,treaty,treaty,container,PACTUM,0
106569,"Society girl embraces friend, a noted fellow",schumann,schumann,container,COMPANION,0
72680,Very important to make everybody sing about a mad man,worldshattering,world shattering,container,GLOBALDISTURB,0
122407,Red colouring of Minnelli caught in unexpected rain,alizarin,alizarin,container,ALIZARIN,1
105154,"European seen in London club, a place that attracts many",mecca,mecca,container,ARENA,0
36107,A poet penning nothing on a ship,aboard,aboard,container,ASHORE,0
75470,Prevent Alan forsaking star,debar,debar,container,BLOCK,0
97615,Bloody beautiful woman secures ring,venous,venous,container,VENOUS,1
4335,Cleric rejecting company of cleric,dean,dean,container,PRIEST,0
38543,Height of land round ancient city,stature,stature,container,ELEVATE,0
127470,Chain Hitler's men required to restrain old comedian,starbucks,starbucks,container,RESTRAINS,0
129294,"Funny man provides wine, holding party in Africa",hancock,hancock,container,HANCOCK,1
59575,"One lacking love and pain, sitting in a home",nesting,nesting,container,NESTING,1
128049,"Mistakes turning up - cold, horrible Geri splitting band",spicegirls,spice girls,container,ICE MAIDEN,0
34978,Advance warning about the foreign taste,predilection,predilection,container,ANTICIPATION,0
51282,English lad gathers new wood,ebony,ebony,container,ASHEN,0
5737,Sailor bitten by little rays,starlight,starlight,container,STARLIGHT,1
104335,Graves possibly enveloped by endless lament in Washington or Berlin,irving,irving,container,MOURNS,0
32874,Sailor entertains son for emperor,tsar,tsar,container,TSAR,1
16670,A shark is certain to be found in the city,usurer,usurer,container,LOANER,0
131187,Scotch queen protected from displaying facial hair,whiskery,whiskery,container,HAIRLESS,0
128168,Private doctor comes in this month,inmost,inmost,container,INMOST,1
108952,Rose drove quickly round the rabble,sprouted,sprouted,container,SCURRIED,0
95344,"Cringe to be in debt, going into credit",cower,cower,container,SHYLY,0
106256,"Trusted friend's name appearing in end of Act I, possibly",confidante,confidante,container,CONFIDANTE,1
108069,A number return into stronghold in the van,foremost,foremost,container,HEADLAND,0
14900,Refined individual in Holland cleared out,honed,honed,container,SHARP,0
50630,Rapid rise in high spirits - blackleg almost taken in,escalation,escalation,container,EXCITEMENT,0
1150,He will be embraced by wildly ardent disciple,adherent,adherent,container,ASSISTER,0
51326,The bloke's embracing crossword setters' voluptuous women,houris,houris,container,GENTSY,0
133270,Silent hiding place for pipe,musette,musette,container,RETREAT,0
129967,Kit appears in show with animals - he's no friend of Othello,roderigo,roderigo,container,RODERIGO,1
48839,Beer is consumed in passageway,aisle,aisle,container,ALLEY,0
131944,They combine in angry speeches about energy legislation,reactants,reactants,container,OPPONENTS,0
107388,City needs to give permission to carry document,omsk,omsk,container,VISA,0
64356,Lying bum flogged modern houses,recumbent,recumbent,container,RESIDENCES,0
118597,One called up for floater in river,draftee,draftee,container,RECRUIT,0
38091,Writer and architect clad in decorative fabric,lawrence,lawrence,container,LAWRENCE,1
47745,Weak and ineffective insect swallowed a pair of bees,flabby,flabby,container,LIMBER,0
128298,Vouch about Southey's first rhyme,versify,versify,container,REWRITE,0
93050,A guard contracts sickness in profusion,affluence,affluence,container,AFFLUENCE,1
29586,Distance Tory leader goes into pond,metre,metre,container,OCEAN,0
93997,Earth on limb in part that makes footballers go down,relegation,relegation,container,DEMOTIONS,0
129692,Stale when married? That's about right,tired,tired,container,WORN OUT,0
56287,"Close to Sidney, half-disguised in a meeting",beside,beside,container,BESIDE,1
141975,Keeping any driver from parking bum in ringside seat,pedestrianising,pedestrianising,container,REPRESENTATIONAL,0
55990,Creature in river?,hippo,hippo,container,OTTER,0
23337,Officer is eating meat of antelope,chamois,chamois,container,GAZELLE,0
35223,Aimlessly draw benefit after swallowing overdose,doodle,doodle,container,DOODLE,1
122143,Snack done perfectly that is providing sandwich for son,toastie,toastie,container,TOASTIE,1
139725,"Increasingly nervous, one pierces top",jumpier,jumpier,container,ANXIOUS,0
84805,Soldier enters top twenty in France,chartres,chartres,container,REGIMENTS,0
20514,Instructive tale about academic not beyond forgiveness,pardonable,pardonable,container,TEACHABLENESS,0
34327,"If cold in the country, use this fur",chinchilla,chinchilla,container,MINKCOATING,0
85730,Personnel including family groupings back in the Renaissance,rebirth,rebirth,container,LINEAGE,0
36075,Swine has large following in capital,belfast,belfast,container,BOSTONS,0
10056,Every bill coming in he sent back,each,each,container,RENT,0
35905,Penny-pinching meal's great,super,super,container,THRIFT,0
2996,Wise man conceals women's article in Dorset,swanage,swanage,container,SAGEWOMAN,0
2694,"Marked and marked, keeping one constant",noticed,noticed,container,REIGNED,0
34108,Old uncle embraces Anglican compere,emcee,emcee,container,EMCEE,1
5154,Anteater buried nose initially inside one climbing,echidna,echidna,container,HABITAT,0
124649,Cockscombs getting time off in civil service,crests,crests,container,PEAKS,0
111969,Little creature goes in to road engineer,telford,telford,container,BADGERS,0
138385,"Produced positives and negatives when treated as a celebrity, going topless?",ionised,ionised,container,IONISED,1
125594,Relation bitten by wild dog - almost frightening!,daunting,daunting,container,RELATING,0
30708,Politician protected by first-class defence,alibi,alibi,container,SHIELD,0
27726,Literary giant in the cave of Trophonius,despair,despair,container,DANTEAL,0
90319,Left in charge but run away,flee,flee,container,LOAN,0
61139,Muffler quietly placed between auditory orifices,earplug,earplug,container,SILENCE,0
40600,Florida resort without a role for a soprano,mimi,mimi,container,TARA,0
67348,Backtrack with Poles moving in …,sponsor,sponsor,container,RETRACE,0
75132,French city or town Austrian leader captured,orleans,orleans,container,VIENNA,0
16695,Friar Tuck runs into trouble,brother,brother,container,PROBLEM,0
119505,Sea god suppressing yen to attempt seduction,tryiton,try it on,container,TRYITON,1
111452,Knight risked capturing Stuart queen,banneret,banneret,container,BANNERET,1
47008,Pig's head in cream - recipe sent back by member of class,reptile,reptile,container,REPTILE,1
98988,Trouble in bed? Politician's nail breaks,complaint,complaint,container,REPROACHS,0
31555,"Trudge past Ireland, land not visible in a storm",traipse,traipse,container,TRAIPSE,1
91002,A rook nested in smaller species' overcrowded area,warren,warren,container,HABITS,0
37943,"Followed girl, within reason",ensued,ensued,container,RESULT,0
127737,Vehicle wound round a bird,salooncar,saloon car,container,CARAVAN,0
90489,Skilled amateur in union creating scene,tableau,tableau,container,TABLEAU,1
69264,Something to serve as intelligence about the sovereign,writ,writ,container,WRIT,1
109915,Go without a garment in parody,travesty,travesty,container,TRAVESTY,1
42513,Learner encountered bad weather in driving area,trainee,trainee,container,STUDENT,0
132478,How much of the main substance is present? It's madness to include lithium,salinity,salinity,container,SALINITY,1
119723,After start of play lady embraces man in the gods,pantheon,pantheon,container,PLATFORM,0
25867,"Look, chaps - round, juicy fruit!",melon,melon,container,PEACH,0
12371,Hoop of iron - not the orthodox form,fringe,fringe,container,CIRCLE,0
12819,Old people entertaining Latin soothsayer,oracle,oracle,container,SENIOR,0
82848,"Pour drink, leaving a bit of sediment in the top part",descant,descant,container,DESCANT,1
76236,Soldier tucked into old crone's dish,haggis,haggis,container,HAGGIS,1
133614,Drunkard scoffs extremely luscious desserts in biannual events,solstices,solstices,container,SOLSTICES,1
139994,Lifts paper he's holding,hefts,hefts,container,HEFTS,1
41998,Uproar about one's bill,noise,noise,container,RAGES,0
73359,Catty remark about a party in a field,meadow,meadow,container,VENUES,0
101749,The Queen installing a swimming pool in a sacred spot,halidom,halidom,container,HALIDOM,1
48774,A Liberal in prison,caliban,caliban,container,REBATES,0
47214,Rotten theologian in crooked deal,addled,addled,container,ADDLED,1
81507,Chuck set about old clergyman? That's badly done!,shoddy,shoddy,container,SHODDY,1
36341,One dressed in black: flipping stoned mourner?,niobe,niobe,container,WAILS,0
117765,Will find postal order in one's wallet,purpose,purpose,container,PURPOSE,1
118612,Upholders of glass ceiling are on board,sexists,sexists,container,CREWMEN,0
135737,Love sex from behind hugging old singer's wife,yokoono,yoko ono,container,LINOONE,0
10870,"Alluring, full of Eastern sparkle",gleam,gleam,container,SHINE,0
82468,Rookie wearing militia's diving gear,scuba,scuba,container,CADET,0
120427,First lady wears clothes of satin - they were magnificent in the film,seven,seven,container,SEVEN,1
7251,Spirit captures wild gnu in swamp,engulf,engulf,container,ENGULF,1
75268,Advantage securing a judge in contact with ground level,barefoot,barefoot,container,BAREFOOT,1
74411,Refusal of agreement to keep Irish province,denial,denial,container,REJECT,0
69160,"Money once pocketed by runner sent back, it's learned",educated,educated,container,RETAINED,0
35683,Sound smack around whelp's head,twang,twang,container,CLANG,0
91211,Top worn by a barbarian,beast,beast,container,BEAST,1
52867,Old ascetic drinks cold spirits,essence,essence,container,REFINED,0
44539,American coach keeps bill for calculator,abacus,abacus,container,COUNTS,0
18522,"No parking in front of club, say",utter,utter,container,BLOCK,0
36703,"Not late, but nearly lost a point",early,early,container,TIMED,0
127562,Old houses terribly dry east of Edinburgh's outskirts - so dry,dehydrated,dehydrated,container,STONEHEATHS,0
88637,He won't get out quickly with one iron in both hands,lifer,lifer,container,LIFER,1
43999,Smash hit enthralling an island republic,haiti,haiti,container,IRONS,0
19766,German city circulating a list of necessities,essentials,essentials,container,REQUIREMENTS,0
3600,Make a fuss about the centre of Dartmouth - a Devonshire speciality,creamtea,cream tea,container,CREAMTEA,1
2071,Novice appears in the Seraglio in New York,harlem,harlem,container,HARLEM,1
17375,Scribe has last word about a new university attended by relative,amanuensis,amanuensis,container,RELATIVES,0
89966,"West going north trapped by minor crush, easily sickened",squeamish,squeamish,container,RELUCTANT,0
24443,"Triumphant cry, eclipsing old record top mark",alpha,alpha,container,ALPHA,1
138902,"I punch counter, grabbing hot veggie snack",bhaji,bhaji,container,BHAJI,1
38472,Mug against accepting love token,coupon,coupon,container,VOUCHER,0
67449,Priest taking musical toy round city in Michigan,kalamazoo,kalamazoo,container,KALAMAZOO,1
12804,Moralist girl entertained by joke,puritan,puritan,container,PURITAN,1
2605,Right to include one in cultural curio,rarity,rarity,container,ASSETS,0
138371,Political supporter's note secured in advance,commie,commie,container,COMMIE,1
80246,"Imagines one goes out with potential partners, trapping a quarter",ideates,ideates,container,DATESIN,0
35997,Wickedness? What's boring about wickedness?,devilry,devilry,container,DEVILRY,1
14685,"Drunk left in the end, cut short",blotto,blotto,container,STAGED,0
39516,"Stream let out, rising again",resurgent,resurgent,container,RECURRING,0
106264,Number of political leaders won't admit embracing Conservative inclination,tendency,tendency,container,TENDENCY,1
32193,One's getting in support to carry on the fight,resist,resist,container,ENDURE,0
62132,Restraint that's surprising after company stops one retiring,economy,economy,container,RESTRAIN,0
82461,Quiet inside with sergeant major outside,stumm,stumm,container,DUMBS,0
48999,"Indication of intelligence in, for example, this coterie",clique,clique,container,CLIQUE,1
120763,Lots of celebrations outside Japanese school,dozens,dozens,container,REVEAL,0
37074,Taste before consuming popular fruit,tangerine,tangerine,container,ORANGEADE,0
101036,Flourishes as spring comes in,abounds,abounds,container,BLOSSOM,0
45844,Joke about money results in student's punishment,gating,gating,container,REPRIM,0
101271,One wanders round hospital for waste containers,ashtrays,ashtrays,container,RECEPTOR,0
69217,Horse's rump given whip around third part of course,croup,croup,container,STERN,0
66687,Record answer given by councillor entering race,transcribe,transcribe,container,REPRESENT,0
30810,Innocent one in church body,naive,naive,container,HUMAN,0
137757,Browned dish - stuff with posh filling,saute,saute,container,STEAK,0
125181,One who struggles with pages in larger novel,grappler,grappler,container,GRAPPLER,1
35703,"Food, hot beef sandwiches",chow,chow,container,CHOW,1
83467,"Old lover, informal clothes, topless, far from erotic",asexual,asexual,container,CASUALS,0
135078,Migrants are found in boat,tuareg,tuareg,container,TUAREG,1
121496,Boy interrupted by horrible woman was nervous,twitched,twitched,container,FLINCHED,0
9035,Show time in the butler's room,pageantry,pageantry,container,PAGEANTRY,1
72172,Nice expensive copy inside - not so expensive,cheaper,cheaper,container,COSTIER,0
19382,Unique shellfish sailor discarded,alone,alone,container,OCEAN,0
135053,Drum one doctor found in short story,timbal,timbal,container,RHYMES,0
20513,Bible story about fellow deserving forgiveness,pardonable,pardonable,container,PARDONABLE,1
82703,"The Spanish, say, take time out to find a deputy",delegate,delegate,container,DELEGATE,1
134545,"Lower position defining party, a dinosaur",diplodocus,diplodocus,container,SUBORDINATE,0
121007,Youngster from Australia secures place for Ashes tour,journey,journey,container,JOURNEY,1
53755,Condescend to include second arrangement of lines or shapes,design,design,container,DESIGN,1
92827,"Relating to the elements, reaching exciting conclusions once carbon's extracted",climatic,climatic,container,CLIMATIC,1
11088,Bird discovered by dramatist outside Los Angeles,ortolan,ortolan,container,ROBINHO,0
39219,"Study in group including, leading politician",inspect,inspect,container,REVIEWS,0
33811,A singular error masks good attribute,assign,assign,container,DETAIL,0
96084,Country retreat to house a senior churchman,ruraldean,rural dean,container,RURALDEAN,1
37360,"After climbing, broadcaster screens running for ages",yonks,yonks,container,YONKS,1
44091,On the lookout for six pounds invested in big one,vigilant,vigilant,container,VIGILANT,1
69250,"Depressed and, swallowing hard stuff, expired",dispirited,dispirited,container,DEFEATEDLY,0
105877,South African doctor brought in by military aircraft,bomber,bomber,container,BOMBER,1
105189,Vehicle runs into parrot,lorry,lorry,container,TRUCK,0
10036,Bank stopping competition to make big profits,cleanup,clean up,container,TAKEUP,0
67056,Ratty and Mole holding up a pick-up truck,petulant,petulant,container,IRRITANT,0
79446,Emperor's function to keep rule in India,trajan,trajan,container,TRAJAN,1
38647,Restrain third man outside hospital,chain,chain,container,REINS,0
35926,Fish a politician found in cabin,halibut,halibut,container,PARTISAN,0
33213,Temporary home for cheeky kids without boundaries,camp,camp,container,NEST,0
16510,"Callas losing head in ""Your tiny hand is frozen""?",aria,aria,container,LYRE,0
60680,A lot of pain keeping a chair for an unwanted guest,tapeworm,tapeworm,container,TAPEWORM,1
66615,Madonna with Child in stonework,masonry,masonry,container,MASONRY,1
12168,Anglican keeps rodent in chest,crate,crate,container,SHALE,0
76679,Call for energy in mountain climb,plea,plea,container,AXIS,0
70489,Swiss food man's consumed right before,gruyere,gruyere,container,GRUYERE,1
20915,Diver finding short answer in business combine,merganser,merganser,container,PARTNERSHIP,0
13312,Person in support of leader,pioneer,pioneer,container,BACKERS,0
124486,British in contest felt atmosphere,vibe,vibe,container,VIBE,1
71027,Government adopts trade union legislation,statute,statute,container,STATUTE,1
93734,"Small group covering article in soil, turned over",triad,triad,container,TRIAD,1
18511,"Golf club lacks parking, say",utter,utter,container,ADMIT,0
131331,Lincoln's habit of putting everything into the other thing?,tallhat,tall hat,container,HIGH CAP,0
89808,"In confines of space, weightless? Drift off",snooze,snooze,container,FLOATY,0
36505,Penny goes into market for a while,spell,spell,container,DELAY,0
38266,Cuts little bits of enamel article into flower,teethes,teethes,container,PETALS,0
74075,Foreign money found in scrap by chance,atrandom,at random,container,ATRANDOM,1
72484,We object - A&E's good in practice,usage,usage,container,USAGE,1
47294,Earnestly ask what's inside nest in tree,beseech,beseech,container,REQUEST,0
89159,Way to cook potatoes required game inside,duchesse,duchesse,container,POTATOES,0
99484,Imagine old favourite catching cold,expect,expect,container,RECALL,0
95917,Farm animal in support bandage looking bad-tempered,scowling,scowling,container,BROODING,0
117823,Quiet girl holds record,repose,repose,container,SILENT,0
25023,Pick up article in valley,glean,glean,container,GRASP,0
22095,Footwear worn by English stars,bootes,bootes,container,SLIPPERS,0
69698,Unknown taken in by eccentric man that can be taught to speak,myna,myna,container,IDEA,0
89355,Like sick child keen to hug provider of books,croupy,croupy,container,LOVING,0
96072,"Boy carries small change for a Euro, which is odd",eccentric,eccentric,container,ABNORMAL,0
134451,Solitary man guarding front of goal going into extra time,longer,longer,container,LONGER,1
39376,Exciting excursion for a fellow in women's clothing,safari,safari,container,SAFARI,1
95601,Agricultural equipment's loose ends in pub,baler,baler,container,RAKES,0
42620,Smack with Ecstasy kept under the hatches,below,below,container,BELOW,1
99873,Protection for a king in love,armour,armour,container,SHIELD,0
69510,Child to accept sign of disapproval as well,toboot,to boot,container,SOON,0
25995,In the dark about knight wearing regimentals,uninformed,uninformed,container,IGNORANCE,0
132932,Suspect it's injected to prepare for a reaction,sensitise,sensitise,container,VULNERATE,0
108436,Put sparkle into receding Fenland river around some villages,enliven,enliven,container,ENLIVEN,1
86360,"Forceful strain, including Thatcher first and last",strong,strong,container,STRONG,1
130102,A cur ill-disposed to get into festivity - more so than usual,particularly,particularly,container,PARTICULARLY,1
69860,Composer cutting out four characters in opera,tosca,tosca,container,TOSCA,1
81626,Tailless predator that flies round America goes to European city,lausanne,lausanne,container,SANDWICH,0
125871,"They expose limbs, given sweets - is drink included?",miniskirts,miniskirts,container,MINISKIRTS,1
36474,"West's out of season, getting put into a hole",inter,inter,container,INTER,1
87247,Assurance from a doctor about pallor in odd places,aplomb,aplomb,container,CALMER,0
139611,"Acting, but troubled inside and lacking confidence",doubting,doubting,container,DOUBTING,1
6104,Start consuming a meal,launch,launch,container,LAUNCH,1
54684,Mark climbing positions beset by bad omens,semicolon,semicolon,container,SEMICOLON,1
30542,Jaws about first Egyptian pyramid builder,cheops,cheops,container,CHEOPS,1
47597,Student of the sun absorbing extremes of temperature,scholar,scholar,container,LEARNER,0
37561,Team in Ireland jogged and avoided special preparation,elixir,elixir,container,ELIXIR,1
130284,"Dogs consuming bit of fruit - beginning to eat, they expel gas in America",tailpipes,tailpipes,container,BACKFIRES,0
117467,Noise as a geek secures the cross-channel server,dinnerlady,dinner lady,container,SYSTEM ADMIN,0
70872,Knowledge about a hot place in Pakistan,lahore,lahore,container,KARACHI,0
18198,Old jerk in time for peep show?,erotica,erotica,container,HISTORY,0
117764,Aim to find money bag outside post office,purpose,purpose,container,OBJECTS,0
32004,Dear little rodent coming back into place of rest,beloved,beloved,container,NESTLED,0
27897,Looked hard about m-me as I did so?,stammered,stammered,container,STAMMERED,1
106412,Snoops around for sign of Zorro's treasures,prizes,prizes,container,PRIZES,1
135906,Worry about Tory leader joining large organisation restricting free trade,cartel,cartel,container,BUNDLE,0
136454,Extra papers in the Guardian,wide,wide,container,AREA,0
29869,"Soldier involved with girl, which is painful",angina,angina,container,MARINE,0
90465,Deprived of feather (initially) in cap,bereft,bereft,container,ABSENT,0
84473,Gives access to passages round mountain top,admits,admits,container,ENTERS,0
29630,"Greed is a weakness, a redhead admitted",avarice,avarice,container,DESIRES,0
126522,Descent of Democrat excluded from transfer of power,evolution,evolution,container,EVOLUTION,1
18054,Waif shows vital energy when boarding vessel,urchin,urchin,container,SPIRIT,0
69849,Expression of surprise about a publication in Ulster,omagh,omagh,container,ASTON,0
40432,Study that is occupied by archdeacon with New Testament handy,convenient,convenient,container,COMPREHENSIVE,0
110556,"Well woman visits teacher, missing a university",gusher,gusher,container,READER,0
26830,Object when wearing torn clothing,raiment,raiment,container,GARMENT,0
56328,"With, for example, outside influence",sway,sway,container,BIAS,0
35408,"Drive mad queen into jeopardy, almost",derange,derange,container,DISCORD,0
116490,"Without help at first, is unable to sing",chant,chant,container,CHANT,1
53293,"Robbed a craftsman, holding up a series of shops",arcade,arcade,container,ARCADE,1
79362,"One quarter into gloomy, mournful song by soloist",monody,monody,container,ELEGY,0
82514,"Heartless love, something superficial and hard about it",callous,callous,container,CALLOUS,1
81907,Bread gets left inside jar,clash,clash,container,CRUST,0
77274,"""John holds me"" - this leads to correction or clarification",imean,i mean,container,UNDO,0
17590,Sturdy old banger's bonnet covered in iron oxide,robust,robust,container,RUSTED,0
91859,"Scorer of double hat trick, entertaining pinnacle of Elland Road",verdi,verdi,container,VERDI,1
878,Quote cut during actual performance,recital,recital,container,SERMONS,0
48594,It's hard to understand a goody getting right into evil behaviour,abstruse,abstruse,container,OBVIOUSLY,0
20370,He endeavours to sit astride horse and set off,trigger,trigger,container,STRIDES,0
134355,Spending two days gardening with inside knowledge,weekending,weekending,container,HORTICULTURE,0
52416,Wild animal best caged initially when on board,bobcat,bobcat,container,RACCOON,0
28331,Something causing wound? Material initially sent up includes absorbent fabric,splinter,splinter,container,BANDAGES,0
114467,Records including your old string players,lyrists,lyrists,container,VIOLINS,0
2258,Hinted setter's bed contains a lot of bugs,implicit,implicit,container,IMPLICIT,1
29634,A right in a wrong is still a wrong,avarice,avarice,container,IMMORAL,0
25868,People about to see fruit,melon,melon,container,PEACH,0
65503,Critic sounds full of disgust at the bloodshed,slaughter,slaughter,container,SLAUGHTER,1
69303,Discriminatory fifth-rankers catching seventh note,elitist,elitist,container,ARISTAS,0
66563,"Swiss banker consumes carved roast, being a man of taste",gastronome,gastronome,container,EPICUREANS,0
112392,Spot representative in stately home,pimple,pimple,container,PIMPLE,1
651,Love in its present form is a bit green,oasis,oasis,container,OASIS,1
54907,Head grasps the point: make it stick,paste,paste,container,GLUES,0
104906,"First man on planet keeps side, which is to the left",marxism,marxism,container,LEFTISM,0
35,Article involving misrepresentation of foreigner,alien,alien,container,ALIEN,1
117596,Air that way maintains right height for bird,songthrush,song thrush,container,NORTH EAST,0
135756,Intended to put one's name in a legal document,designed,designed,container,DESIGNED,1
27407,Scumbag in wingless car?,heel,heel,container,HEEL,1
82444,New song about knight in realm of fantasy,narnia,narnia,container,AVALON,0
138922,Nectar: it's spread around top of pork crackling,crepitant,crepitant,container,REPAINTED,0
9203,Swimmer cut grass round hotel,minnow,minnow,container,REEDED,0
80127,"Thought highly of, but always dipping into wine",revered,revered,container,ADMIRED,0
73619,Germany in with broadness of beam,width,width,container,DEPTH,0
86844,Note carrier soaked and all in,wallet,wallet,container,PURSEY,0
64123,Man of the cloth always involved in split,reverend,reverend,container,MINISTER,0
88001,"Inflict a soaking, though partner keeps rain off",marinate,marinate,container,IMPREGNATE,0
115850,"Take part, bagging large total",complete,complete,container,PARTICIPATE,0
78139,Isolates wavy lines between quarters,enisles,enisles,container,ISLANDS,0
62215,Plain sailing finally during month without leadership,ugly,ugly,container,EASE,0
87976,Swallowed piece of pineapple complete outside pub,wateringhole,watering hole,container,OVERFLOWS,0
78760,Tea ladies initially interrupted by exercises in place of worship,chapel,chapel,container,SANCTUM,0
92988,"Gad about, dashing round eastern half of Kyiv",gallivant,gallivant,container,GALLIVANT,1
106980,"Extremes of terror in air - with weapons, treats violently",strongarms,strong arms,container,STRONGARMS,1
50316,Drag prince round university,haul,haul,container,TUGS,0
136488,"""It's stifling in Post Office"", newspaperman snapped",photoed,photoed,container,PHOTOED,1
80574,Part of the UK restricted by offensive discipline,punish,punish,container,REPRIM,0
109173,Pop's spiked with most of whiskey spirits,dryads,dryads,container,DRYADS,1
18720,"Between partners at the table, knock back 'umongous drink",negus,negus,container,NEGUS,1
30023,RAF man sitting inside only console,solace,solace,container,HAVENS,0
65031,Make about a thousand burn,cremate,cremate,container,ESTIMATES,0
13480,Quick to contain injury in dispensary,pharmacy,pharmacy,container,PHARMACY,1
113982,"A lot of explosive, too unstable in the oven",kiloton,kiloton,container,NITROUS,0
18346,Intelligence in Egyptian town centre obliterated by booze,liquor,liquor,container,SPIRIT,0
136265,Drink claiming Australian with large belly,paunch,paunch,container,PAUNCH,1
127525,Revered ring for ace is sunken,hollowed,hollowed,container,SANCTIONED,0
140073,"Business people, a number getting to grips with shattered dreams",tradesmen,tradesmen,container,PROFITEERS,0
105434,Ally has no right to be an evil one,fiend,fiend,container,HELPS,0
66665,Artist right about bird,corot,corot,container,TITAN,0
92963,Leave note in it for mum,quiet,quiet,container,WRITE,0
134054,"Lunatic put away - having admitted mistake, I succeeded",madeagoofit,made a go of it,container,MADEAGOOFIT,1
48976,Drunk? Turf out of employment!,soused,soused,container,REJECT,0
77921,Maiden ensnared by a more desperate stalker?,admirer,admirer,container,ADMIRER,1
86085,Bad part of summer at its height in American city,naughty,naughty,container,WICKED,0
124818,One by one is full of blubber without exception,sweepingly,sweepingly,container,SWEEPINGLY,1
8811,This may bore lawman caught up in affray,bradawl,bradawl,container,BRADAWL,1
10032,"It's key to adult having fun around Hull or Grimsby, say",seaport,seaport,container,HARBOUR,0
103835,"Instruments to put ""p"" into pastries",pipes,pipes,container,PIPES,1
71935,Weakness turned centrist into God,debility,debility,container,DEBILITY,1
56870,Gloomy otologist?,drear,drear,container,BLEAK,0
116299,Gore losing head in journey needs visual aid,floodlight,floodlight,container,FLOODLIGHT,1
36173,Appetite overwhelms commander that will eat everything,locust,locust,container,HUNGER,0
48314,"Currency? Ex officio, the City is included",euro,euro,container,RAND,0
114355,"Grim, beset by considerable smells",odours,odours,container,AROMAS,0
130989,No writer got into a row for a utensil,tinopener,tin opener,container,IRON ROD,0
81191,Parent taking long and lyrical measure,modicum,modicum,container,QUANTUM,0
22538,Line from Pearl Jam covers the lot,parallel,parallel,container,PLATFORM,0
88160,Stock up with helpers in break,replenish,replenish,container,REINFORCE,0
21519,"First of drugs put in place: ecstasy, then dope",sedate,sedate,container,PACIFY,0
138659,Book about killer not yet ready,tocome,to come,container,TOCOME,1
96162,Old instrument and piano at home in collection,spinet,spinet,container,HARPIS,0
134139,Inhales aroma permeating smalls,sniffs,sniffs,container,WAFTED,0
83700,Slough keeps articles enclosed,sheathed,sheathed,container,SHEATHED,1
127544,Deals with crowds holding pacifist back,processes,processes,container,PROCEDURES,0
111940,"Necking drinks, pursue patter",salestalk,sales talk,container,SALESTALK,1
128293,Brown hesitant about growth,swarthy,swarthy,container,SWARTHY,1
68519,Loud insect drowning a request for silence,flashy,flashy,container,FLASHY,1
118931,"Invent stuff, fifty packed in boxes?",telllies,tell lies,container,MAKE UP,0
123292,Bark at idiot in US intelligence,cassia,cassia,container,SPICES,0
43836,"Spectrum of colour, lacking nothing",range,range,container,ARRAY,0
108716,A large number in crazy kerchiefs,bandanas,bandanas,container,QUANTUMS,0
96295,Checks about a hundred Fiats,edicts,edicts,container,EDICTS,1
87035,Swindler tours the borders of Modena,crimson,crimson,container,ROUAGES,0
66085,"I call it sunscreen, externally applied",visitor,visitor,container,VISITOR,1
13524,Tune named after northern Scottish town,nairn,nairn,container,ARDIL,0
138118,"Comparing internal material, knife edges cutting through",likening,likening,container,RELATING,0
10672,Two score win over thousands in nap,fortywinks,forty winks,container,FORTYWINKS,1
5875,City street in comfort,chester,chester,container,RELAXES,0
71014,Singing voice wanting to hedge a bet with more than one melody,contrapuntal,contrapuntal,container,COMPLIMENTARY,0
113381,Woman in high-pressure area within British company,bridget,bridget,container,BRIDGET,1
91939,Locks guarding entrance to Scottish minister's residence,manse,manse,container,MANSE,1
71034,Capital inwardly greeting Zambia's rootstock,rhizome,rhizome,container,RECLAIM,0
8953,"Character with inclination for one toiletry, including iodine",italic,italic,container,SLANTS,0
10930,Teacher has time in jail,stir,stir,container,TERM,0
133579,Relishes crunching second mint,condiments,condiments,container,REFRIGERATE,0
1032,My Lord has invested currency - big fish,grandee,grandee,container,BANKERS,0
95855,Tale about invalid being resurrected is likely to be wrong,fallible,fallible,container,FALLIBLE,1
100185,Don Juan is one friend of Mary Poppins in work,libertine,libertine,container,SUPERIOR,0
87259,Competently keeps back clutter in meeting,assembly,assembly,container,ASSEMBLY,1
50947,Comprehensive school's centre in depression,thorough,thorough,container,COMPLETE,0
129961,"It's challenged, if raised in a legal document",defied,defied,container,DEFIED,1
49968,"Deplete noise, including raffia curtains",drain,drain,container,DRAIN,1
41977,"I'm held up by a fool, which is wrong",amiss,amiss,container,ERROR,0
130413,Pack one's cases right and there's loads of space,acres,acres,container,ACRES,1
48074,Pig in fat calls for old port,larboard,larboard,container,PORTABLE,0
69816,Composer taking egghead to river in swimsuit?,beachwear,beachwear,container,BACHELORS,0
123595,Piece of furniture cook rearranged in HQ,bookcase,bookcase,container,HEADREST,0
59640,Bit of mosaic shows girl entertaining monarch,tessera,tessera,container,REVEALS,0
29384,State in which one repeatedly enters raving mad,virginia,virginia,container,GEORGIA,0
32923,National schoolboy gobbling seconds,estonian,estonian,container,ESTONIAN,1
86110,Jade occupied by doctor's vocal quality,timbre,timbre,container,TONALS,0
122065,First couple from Turner artist blocking the killing of animals in the name of art?,cultural,cultural,container,CULTURAL,1
15192,"Bomb, say, catching European king from behind",grenade,grenade,container,PROJECT,0
124032,Signed agreement attached to ribbon held by queen?,concordat,concordat,container,PROTOCOL,0
81660,Unspoiled Hardy heroine is not a novice at heart,taintless,taintless,container,INNOCENCE,0
58292,The atmosphere in a small firm may be capital,cairo,cairo,container,CAIRO,1
113390,Bird ingesting large bean or nut,clock,clock,container,CLOCK,1
33600,Head of state protects saint from robber,rustler,rustler,container,WARDENS,0
78046,Thus carrying pet back and forth to be clipped,staccato,staccato,container,REPEATED,0
108105,Yes man finds three quarters to be in flower,assenter,assenter,container,AGREERER,0
68992,"Doctor on way, heroin injected carelessly",anyhow,anyhow,container,ANYHOW,1
111894,"I have invested in a car, where a boat is needed",river,river,container,TRADE,0
111106,Fat: apparently good to be inside a covering,lipid,lipid,container,SHELL,0
73037,Surly drivel about king,gruff,gruff,container,GRUFF,1
69297,Pressurised nitrogen stored under shed,leanton,leant on,container,LEANTON,1
45103,Time to abandon cabs for Central line,axis,axis,container,AXIS,1
119699,An awkward niggle surrounds gathering,gleaning,gleaning,container,GLEANING,1
130952,Piece of armour Shakespeare placed round topped and tailed fish,brassard,brassard,container,ARMURETS,0
108298,Game requires holder to contain speed and gravitational constant,strategy,strategy,container,STRATEGY,1
85190,Shrink admits a number of soldiers for assessment,judging,judging,container,JUDGING,1
34751,"Snake's exhausted, holding soldiers back",serpent,serpent,container,SERPENT,1
134954,"Raced round Bath, say, more than necessary",tospare,to spare,container,OVERDO,0
123937,Vote for including turn in TV show,xfactor,x factor,container,FEATURE,0
99049,Produce fertiliser concealing universal truth,manufacture,manufacture,container,COMPREHENDS,0
98497,Munchy sound when male tucks into meat,chomp,chomp,container,GNASH,0
101060,Accountant grasps tree in crater,caldera,caldera,container,BALANCE,0
132715,Way to infiltrate difficult meeting in secret,trysting,trysting,container,ASSESSOR,0
26224,Wait for veteran to strike out,holdit,hold it,container,HOLDIT,1
122583,How solid is refuse around squat?,density,density,container,STRENTH,0
84721,Coming across party animals in short story,traversal,traversal,container,TRAVERSAL,1
75929,Discharge Vietnamese leader in Laos settlement,salvo,salvo,container,SALVO,1
9636,One in wig finding way through wall,barrister,barrister,container,BARRISTER,1
73411,Curved feature in dog initially in dog,bowwindow,bow window,container,BOWWINDOW,1
105618,Protecting Republican Party is a great deal for media mogul,murdoch,murdoch,container,MURDOCH,1
83550,Competent scholar embraced by non-drinker takes cover,tablemat,table mat,container,MAPCASE,0
118223,"Weed obscuring duck, work to see bird",hoopoe,hoopoe,container,POPPY,0
13566,School evicting privileged lady from land,train,train,container,AREAS,0
87812,"Game about an inch length, for a wonder",chinless,chinless,container,POINTLESS,0
92015,Common sense is entering the world,realism,realism,container,ACTUALS,0
11661,Individual without husband on this?,shelf,shelf,container,SHELF,1
62605,"Poet, painter and illustrator left to cook hogs",blake,blake,container,BRUSH,0
24797,Building quarters inside a hill,tower,tower,container,HOUSE,0
57137,Set cryptic in press that was thrown out,jetsam,jetsam,container,REFUSE,0
13419,Water jug put back in sink for so long,farewell,farewell,container,DURATION,0
139413,Throws light on problems besetting posh store,illumines,illumines,container,HIGHLIGHT,0
80053,Feel very cross with girl keeping support up,seethe,seethe,container,RESENT,0
37267,Signals left out of things like this,cues,cues,container,CUES,1
4699,Bottom part of tree contains third of bark,breech,breech,container,TRUNKS,0
111516,"One bill inside another, I conclude, may cause ill feeling",bacilli,bacilli,container,RESENTS,0
103801,"Girl held up by minders, those employed to look after her?",caretakers,caretakers,container,GUARDIANS,0
26822,Wear and tear about target,raiment,raiment,container,RAIMENT,1
63651,Claims girl has been grabbed by boy,declares,declares,container,ASSERTED,0
93158,Carnivore in the middle of thought in its head,cougar,cougar,container,PANTER,0
73176,"Horse, non-starter, eating cold fruit",quince,quince,container,QUINCE,1
1189,Words of unseen talker putting love at the heart of immorality unduly,voiceover,voice over,container,FALSE HERO,0
92088,Give birth to male in experimental site,lamb,lamb,container,AREA,0
23530,Every artist embraces New Wave of sorts,permanent,permanent,container,IMPERMANENT,0
109484,Follower runs back into safety location,acolyte,acolyte,container,REFUGES,0
84829,Part of hospital in coma,tranche,tranche,container,TRANCHE,1
5581,Note short time taken in decorative work,crotchet,crotchet,container,ORNAMENT,0
88514,"Not straight, so against entering means",wavy,wavy,container,WAVY,1
62045,Sombre without husband,dinghy,dinghy,container,DINGHY,1
39149,Men in bar requiring bottle,screwtop,screwtop,container,CAPSTANS,0
112116,"Ranked first by setter, name entered for Lady Bracknell, say",grandedame,grande dame,container,PRIMADONNA,0
120964,Packets once holding right sort of decorations,streamers,streamers,container,STREAMERS,1
7027,Girl in therapy for skin problem,craquelure,craquelure,container,DERMATITIS,0
7492,"Headgear a despicable person raised, taking one in",tiara,tiara,container,COROA,0
134775,"Times, say, shows these unpaid workers absorbing a newspaper",serifs,serifs,container,SERIFS,1
107953,"Resin you once brought back, carrying viral disease",epoxy,epoxy,container,EPOXY,1
99551,Fish around end of jetty as test,tryout,try out,container,TRYOUT,1
53422,"An article about Macbeth, say",thane,thane,container,TITLE,0
23319,Woman has a house in a dry area,sahara,sahara,container,SAHARA,1
74546,Singing a little way into the factory,plainchant,plainchant,container,INDUSTRIAL,0
113820,Oppose profits in butter,goagainst,go against,container,STANDOFF,0
32139,Mistakes are holding sailor up,errata,errata,container,BLUNDERS,0
30918,It may be taken from a book but is about right,excerpt,excerpt,container,SECTION,0
86050,The shrub to bend over in the river,oleander,oleander,container,WILLOWS,0
106644,Man with limitless libido turns out to be an MP,miliband,miliband,container,MILIBAND,1
30349,Svelte model held back by romance,lissome,lissome,container,LISSOME,1
43594,Superficial type involved in leak,skindeep,skin deep,container,SHALLOW,0
109029,"Modern US writer is more sensible, holding nothing back",salinger,salinger,container,STRAIGHT,0
20851,"Undesirable neckwear having a bad result around club, right?",albatross,albatross,container,ALBATROSS,1
123048,Crossword fan put off taking on Times,dexter,dexter,container,ADROIT,0
48751,Expenses for excursions catching game,outgoings,outgoings,container,OUTGOINGS,1
91107,"Officer conveying Her Majesty, one behaving as conductor would?",ohmic,ohmic,container,AGENT,0
118241,"Driver's last seen going into roundabout, causing a lot of pain",torturous,torturous,container,TORTUROUS,1
96274,Is inquisitive about the tank and soldiers,privates,privates,container,PRIVATES,1
139002,Powerful Catholic overwhelmed by weakness,forcible,forcible,container,FORCIBLE,1
62264,Group outlets retained by partner,westlife,westlife,container,RETAILERS,0
92234,Pistol faced with Big Bertha would be so overwhelmed?,outgunned,outgunned,container,OVERPOWERED,0
29313,Wedge-shaped block holds Catholic University together - that's definite!,clearcut,clear cut,container,TRUE CUT,0
34881,Example of man in nice predicament,instance,instance,container,INSTANCE,1
25653,Ask to hug companion seen at the ballet,entrechat,entrechat,container,EMBRACERS,0
109295,Faction is first-rate without the French,sect,sect,container,UNIT,0
7794,One accountant has daughter pinched by another - a chirpy creature,cicada,cicada,container,AUDITS,0
1313,Woman in credit with a selection of wine,cellar,cellar,container,VAULTS,0
2603,Right one in cultured surrounds ã one in a million?,rarity,rarity,container,UNIQUE,0
105382,"Unsteady, like teetotaller drinking more rum, mostly",doddery,doddery,container,WOBBLY,0
41297,Current squeezes right hot and steamy!,tropical,tropical,container,RADIANCE,0
123986,US TV celebrity losing heart for fish,opah,opah,container,OPAH,1
26857,Nodding off in the Cowes road? A thousand times no!,somnolent,somnolent,container,INCOMPETE,0
62488,"At a function, carrying shabby clothes",astatine,astatine,container,HABITATS,0
59915,Pamphlet man placed outside,sheet,sheet,container,PAPER,0
35700,House of Lords is backing contents of your letter in outline,silhouette,silhouette,container,POSTSCRIPT,0
27159,Agree about journalist being taken in by star,accede,accede,container,ACCEPT,0
15537,Speed up in home improvement regimen,dietary,dietary,container,DIETARY,1
102674,Slam outside hospital with a narcotic,bhang,bhang,container,BHANG,1
123234,"Tiny pigs swallowing coin, nuts and bolts",rudiments,rudiments,container,RUDIMENTS,1
125340,Gives up about pet in trouble from bugs,centipedes,centipedes,container,CENTIPEDES,1
52575,They entertain a tourist on board,strippers,strippers,container,ATTRACTIONS,0
129099,Old economist keeping nothing at English distillery,malthouse,malthouse,container,WAREHOUSE,0
78083,Traffic controller's lines set in committee,bollard,bollard,container,BARRIER,0
124909,That chap's very quiet round caged beasts,hippos,hippos,container,HIPPOS,1
93883,Tenant clutching bottle's last to come in again,reenter,re enter,container,ENTER IN,0
124662,Pirate boy in previous day across the water,hijacker,hijacker,container,RAIDERES,0
63718,"More stylish going over line, one who finishes nicely?",polisher,polisher,container,POLISHER,1
108673,Academics accepting old work of mathematicians,proofs,proofs,container,PROOFS,1
57162,Junction in electricity supply service,matins,matins,container,NODALS,0
48571,Old instrument's gloss masking rising cut,seraphine,seraphine,container,VIOLINIST,0
140029,"Carbon tip in abseil device, suitable for climbers",ascendible,ascendible,container,ASCENDIBLE,1
118079,"Idiot concealing brains but not heart, almost touching",closeset,close set,container,DENSEST,0
131031,Kid cradles rook in bower,dupre,du pre,container,DUPRE,1
129687,"Black liquid, supplied by Native American, old drunk swallowed",creosote,creosote,container,ALCOHOLS,0
123071,Redhead swimmer nets redhead German boy,carrottop,carrottop,container,SANDSTONE,0
3976,Rise lest soldiers invade,increase,increase,container,ESCALATE,0
25813,The theatrical profession includes one from long ago,stoneage,stone age,container,OLD PLAY,0
123644,Daughter admitted to knowing online programs,adware,adware,container,HEIRESS,0
67732,The Spanish invested in second-rate capital,belgrade,belgrade,container,INVESTOR,0
26492,Ask for ring the French held sacred,inviolate,inviolate,container,IMPLACABLE,0
87234,Foreign Office backed in media claim,profess,profess,container,ASSERT,0
123585,Behold Victoria and Albert's framed painting,voila,voila,container,IMAGE,0
131166,Old Irishman describing rugby with the ultimate in ugly savagery,cruelty,cruelty,container,CRUELTY,1
47432,"Article written about the professional stage, perhaps",apron,apron,container,STAGE,0
15253,Big hitter trimmed hedge in prison,sledgehammer,sledgehammer,container,CONSTRUCTION,0
120759,Girl including work on piano for ballet,coppelia,coppelia,container,COPPELIA,1
94586,Partisan located outside Iraqi capital,biased,biased,container,LOYALIST,0
107638,Poor quality drinking water in river,tatty,tatty,container,TATTY,1
13314,Groundbreaker I used in wharf,pioneer,pioneer,container,LAUNCHER,0
139340,Statesman's charity rolling in money once,floridian,floridian,container,PHILANTHROP,0
105714,A royal holding first place in Law,principle,principle,container,PRINCIPLE,1
35487,"It's comparatively skilful to take head off a header, you say?",abler,abler,container,ABLER,1
18900,New Testament stories about money,talents,talents,container,TALENTS,1
41651,Mate captured by crew coming back for incendiary fuel,napalm,napalm,container,PETROL,0
114157,Hills split internally by floods,torrents,torrents,container,TORRENTS,1
88513,Fellow restraining good one with irregular blows,gusty,gusty,container,GUSTY,1
103123,"Chance minimal change in New York, bringing in detectives",accident,accident,container,ACCIDENT,1
72400,Gregarious agents in the sun,social,social,container,SOCIAL,1
134158,Battle between black and white bags Lidl supply without issue,childless,childless,container,CHILDLESS,1
47073,Prince enters flat of major,staple,staple,container,BUTTON,0
125049,"Because investing billions inspiring you and I, certain things gathering dust",cobwebs,cobwebs,container,REWARDS,0
18905,Leave city's wet environment,decamp,decamp,container,DECAMP,1
88555,Mineral (barium) taken from church,silica,silica,container,ALUMIN,0
26718,Aim to impress girl in skin-treatment establishment,tannery,tannery,container,SALONRY,0
37990,US lawman conceals memory of tragedy?,drama,drama,container,DRAMA,1
60027,Choreographer's position in the company,cranko,cranko,container,CRANKO,1
34034,Wooden strip holds king fast,starve,starve,container,STARVE,1
85790,Steak went off stuffed with duck (extra large),tournedos,tournedos,container,TOURNEDOS,1
139567,"Men score, cutting through Harlequins' sides, or Wasps",hornets,hornets,container,HORNETS,1
113257,"For me, goal is to tuck into health food",brendan,brendan,container,BRENDAN,1
45501,"Detectives in US agency retired, remaining sharp",acidic,acidic,container,BRIGHT,0
118053,Be aware of a calf keeping its head in the shade,haveaclue,have a clue,container,KNOW A COW,0
36206,"Recalled shorter answer, stuck with leading pair from Audreus, in the bath!",sauna,sauna,container,SAUNA,1
67521,Attempt to cage wolf in peace deal,treaty,treaty,container,PACTUM,0
141737,New painting captures Queen - that's concerning,pertaining,pertaining,container,RELEVATING,0
98213,Explorer is eating last of the sledge dogs,scotties,scotties,container,TRAVELLER,0
96863,Woman kept by journalist enters hard work with toy animal,sleevedog,sleeve dog,container,SLEEVEDOG,1
43716,Carry round goods for one who can't afford them,beggar,beggar,container,LOANER,0
76833,"Supply what was wanted, for instance, including clenched fist?",satisfy,satisfy,container,FULFILL,0
114096,Woman takes motorway into city,emily,emily,container,EMILY,1
85136,Drink order placed in ancient language,homebrew,home brew,container,OLD ALE,0
29650,Parody about Liberal providing winter sports facility,skilift,ski lift,container,SKILIFT,1
93785,Gas enveloping a part of Spain,aragon,aragon,container,HELIUM,0
114711,Work's inside and out which is good for plant,topsoil,topsoil,container,OUTWARD,0
89473,Bush harbours condition that's half Arab offered,gifthorse,gift horse,container,SHRUBBED,0
25097,The temporary accommodation I have outside the army is not definite,tentative,tentative,container,PROVISORY,0
54498,Horse put in pen to struggle,writhe,writhe,container,WRITHE,1
110152,Paying customer to make severe criticism about rotten first half performance,patron,patron,container,PATRON,1
80555,Otherwise take railroad to the Home Counties,else,else,container,ALSO,0
98121,Christian beginning to pray in bed,copt,copt,container,REST,0
75686,I hold teaching qualification - fix?,imbed,imbed,container,INSERT,0
62073,"Flawed agate, black inside, is soaked in boiling water",teabag,tea bag,container,INKED,0
118050,Feature of stern father is bottling up love,poop,poop,container,ROLE,0
34948,Revolutionary coming back to eat pub grub?,dinner,dinner,container,DINNER,1
33671,Bunny Lake is back and embraced as a formality,ceremony,ceremony,container,RITUALS,0
110318,Homes established in a partnership,nests,nests,container,UNION,0
119257,Andy Murray's traditional outfit has no length for tackle,kit,kit,container,ARM,0
134696,"Queen keeled over during a function, one of two in Ulster, perhaps",armhole,armhole,container,ARMHOLE,1
140821,"Rich with a hundred, in truth",fact,fact,container,GOLD,0
61982,Secret drinker comes to earth in Morecambe?,esoteric,esoteric,container,HYPNOTIC,0
66165,Fearing degree being dropped at university,reading,reading,container,READING,1
138850,"Youthful rogue has not much ham, lettuce etc - no seconds",bitofalad,bit of a lad,container,BITOFALAD,1
10947,Teacher seizes a shirt in uproar,stir,stir,container,RENT,0
116004,"Uppity tramp, devout, hogging entrance to temple",bumptious,bumptious,container,OBSTINATE,0
63785,Fanatical attack to capture Baghdad's leader,rabid,rabid,container,RABID,1
52323,"Study comes to an end, keeping good time",digest,digest,container,DIGEST,1
142,A channel swimmer accepts kiss from the great man,alexander,alexander,container,ATTENTION,0
101146,Cross about anything but silent silence,muffle,muffle,container,BLOTCH,0
46945,Blast engulfing Caribbean islands capital,darwin,darwin,container,HAVANA,0
9187,Biting right into tart,acrid,acrid,container,SHARP,0
113980,A fish in a fiddle in a former city,stalingrad,stalingrad,container,VOLGAURALS,0
33968,Weapon company gets receiver in,firearm,firearm,container,ARMOURY,0
49038,Agreement primarily sought within marriage,unison,unison,container,UNISON,1
7507,Nourishment from fruit worker's consumed,aliment,aliment,container,ALIMENT,1
2750,Approval for archbishop when in a hole,plaudit,plaudit,container,REWARDS,0
52888,Plant an hour in advance,shrub,shrub,container,BLOSS,0
112989,University College during religious festival is brilliant,lucent,lucent,container,LUCENT,1
19872,He planted a tree using these hollow acorns,ancestor,ancestor,container,RELATIVES,0
51494,"Within a year, US college shows understanding",amity,amity,container,AMITY,1
38456,Neighbours are in a home,nearest,nearest,container,NEAREST,1
30526,Minimise importance of function involving food shop,sideline,sideline,container,DOWNPLAY,0
133273,Speechless about group's bagpipe,musette,musette,container,SILENCE,0
1880,Lecherous chap took your heart away,satyr,satyr,container,CADET,0
88138,Stuff about English prince or king?,george,george,container,HENRYS,0
93612,"One way to prepare food, cold, stopping on the way",encroute,en croute,container,ENCROUTE,1
115468,"Awaiting summons from head of court in plain wrapper, to be returned",oncall,on call,container,ONCALL,1
90475,She would pack a right in a scrap,shred,shred,container,SLICE,0
51440,Letter put in fireplace reduces to carbon,graphite,graphite,container,GRAPHITE,1
40630,Right nipple brought out as a special favour,treat,treat,container,GRANT,0
139370,Complaining about president is exciting,gripping,gripping,container,STIRRING,0
72045,City of revolutionary in duty list,rochester,rochester,container,REVOLTERS,0
28186,"To separate, cut outside page",split,split,container,SLICE,0
57936,Incredibly small club in Finish cape,subatomic,subatomic,container,SUBATOMIC,1
27317,"Surviving, once one is protected by explosive",extant,extant,container,EXTANT,1
112817,Trading jargon after Queen is swallowed by distance,mercantile,mercantile,container,COMMERCIALS,0
109042,Book for Sunday opening - put in the one before Easter,psalms,psalms,container,PSALMS,1
48979,Spot-checks English river rising fast,speedy,speedy,container,BRISKY,0
53859,Girl otherwise taking one in,elsie,elsie,container,MAIDS,0
118608,Reclusive boy taking issue to heart,eremitic,eremitic,container,ISOLATED,0
93707,Help finish a hotel in the country,lendahand,lend a hand,container,LENDAHAND,1
136434,"Complex relationship ending in disaster, one in imbroglio",triangle,triangle,container,ENTANGLES,0
84102,"Man, the soldier (an amoeba), pointlessly confined here?",guantanamobay,guantanamo bay,container,GALAPAGOSISLANDS,0
88820,Old woman wearing cosmetic? That's hard to digest!,roughage,roughage,container,HARDSHIP,0
113387,Non-U physicist admitted embracing a South American,colombian,colombian,container,SCIENTIST,0
65735,Fellow keeps chalet designed for sports event,decathlon,decathlon,container,DECATHLON,1
42414,Dependent on having bowel control when eating goat's head,contingent,contingent,container,COMPLETENESS,0
121353,Rush to interrupt teacher's Grauniad hallmark?,misprints,misprints,container,MISPRINTS,1
75627,Instrument of top player gripping India on the radio?,sitar,sitar,container,SITAR,1
90763,Sheepish four regularly breaking new rule,rueful,rueful,container,ASHAME,0
125591,"After hugging guys, one has regret",lamenter,lamenter,container,REPORTER,0
62010,Reckon without penalties bearing discrimination,faddiness,faddiness,container,FADDINESS,1
79412,Girl looking OK in elfin clothing,felicity,felicity,container,FELICITY,1
118705,Inadequate squad with invading force,unfit,unfit,container,BLEAK,0
113031,Member enters toilet to find clothes,garments,garments,container,APPARALS,0
2037,Lizard's egg laid in uncultivated land,monitor,monitor,container,REPTILE,0
141636,"Wet love, devoted cuddles",pluvious,pluvious,container,ADORABLE,0
30102,Shut up about our being fostered!,encouraged,encouraged,container,COMPROMISED,0
48535,One happy to include lots of US money with advance?,mercenary,mercenary,container,REWARDERS,0
48746,Recluse carries tons of welding material,thermit,thermit,container,HERMITS,0
105760,"Expected to come back into season, almost like medieval society",feudal,feudal,container,SERIAL,0
40012,It could make one extremely tiddly with rum in it,toddy,toddy,container,BOOZE,0
68996,Singer plugs TV award half-heartedly - it's an important mission,embassy,embassy,container,DELEGIT,0
33943,Expound about superior work of art,statue,statue,container,ESSAYS,0
124639,"It's a pleasure to cultivate, taking little time",thrill,thrill,container,THRILL,1
102736,Cry off limiting gene modification in a certain style,regency,regency,container,BAROQUE,0
66965,Dodgy operator catching river fish,trout,trout,container,SHARK,0
47360,"Consider penning lines, any number almost",wellnigh,well nigh,container,NEARLYS,0
92772,Pacific type has to look over endless sea,appeaser,appeaser,container,OBSERVER,0
135714,Climber's endless hunger to be among celebs,alpinist,alpinist,container,ALPINIST,1
36997,Port one kept in casks,tunis,tunis,container,TUNIS,1
56100,No Conservative to stop slide,ease,ease,container,EASE,1
14173,A friend keeps place that's cut off,amputate,amputate,container,ISOLATES,0
131770,Slings net around birds not able to fly,nestlings,nestlings,container,NESTLINGS,1
127283,Sovereign kidnapped by our Greek revolutionary for Asian communists,khmerrouge,khmer rouge,container,REDCHINA,0
80724,The person who's learned a vehicle may be parked in the street,savant,savant,container,DRIVER,0
63824,Azed addicts filling vacant bierkeller in fair,bazaar,bazaar,container,MARKET,0
125079,Maybe Bristol politician getting exposed is not suffering any damage,unimpaired,unimpaired,container,INVIOLABLE,0
115834,Goldfish buried in mummies' tombs,mausoleums,mausoleums,container,ARCHAEOLOGS,0
19444,God right to desert French artist?,odin,odin,container,IRIS,0
85606,Guy from Dubrovnik hasn't got the right paint,coat,coat,container,VEST,0
11728,Home depot contains harmful fitting,instillation,instillation,container,IMPLANTATION,0
140959,Watches gathering bee getting stuff from woods,timbers,timbers,container,FORESTS,0
37627,Chest protected by father's waterproof,parka,parka,container,SHIRT,0
78628,Greedy person swallows leg just out of the oven?,piping,piping,container,RAIDER,0
74650,Think of friend about to revise,meditate,meditate,container,CONSIDER,0
107822,Group wearing famous red dress,clothe,clothe,container,BUNDLE,0
79319,City life with female arranged in outbuilding,sheffield,sheffield,container,WAREHOUSE,0
99605,Wicked fly going around gets zapped,killed,killed,container,SMITED,0
80629,"Whale's ear boxed by princess, briefly",beluga,beluga,container,ORCAES,0
6322,Greek girl embraced by this Roman,hellenic,hellenic,container,ITALIANS,0
32190,"Stand up to kilos, metres etc, interfering with holiday",resist,resist,container,RESIST,1
36049,Girl holds information for the programme,agenda,agenda,container,AGENDA,1
64468,Knock what's said on departing into desert,ratatat,rat a tat,container,TAP TAP TAP,0
44037,Writer finds way into literary festival,hardy,hardy,container,BRAVE,0
118808,Enigmatist is heartless bod interrupting circus entertainer - needs to get humbler,climbdown,climb down,container,SCALEBACK,0
62037,Morning - chief time to get stuck in,matin,matin,container,DAWNS,0
8540,Round v-vessels containing silver substitute,stopgap,stopgap,container,PLATTER,0
125698,Sweetie admitting passion for dependant,hangeron,hanger on,container,LOVERLY,0
89158,"Way to serve potatoes, just stuffed with game",duchesse,duchesse,container,POTATOES,0
134694,Turn back slow runners between defensive lines,midfield,midfield,container,BACKFIELD,0
64458,Press turns up outside UN and it's a bit sticky,gunge,gunge,container,GLUES,0
122487,"In ceremony, noise interrupts speech",ordination,ordination,container,ORDINATION,1
29368,"Stupid dunce, holding creative skill up, not yet found out?",untraced,untraced,container,IGNORANT,0
44848,Original character in lady encapsulated by bright talent,flair,flair,container,STYLE,0
20160,Foretold about one that made affirmation,predicated,predicated,container,ANTICIPATED,0
128709,Hitchcock's work? Be upset in parts,thebirds,the birds,container,THEBIRDS,1
86176,Time to look outside cell,peter,peter,container,LEAVE,0
130614,Outbreak blocked by resistance of the outer skin,epidermic,epidermic,container,EPIDERMIC,1
104652,Pains will penetrate rigid trunk,seachest,sea chest,container,SEACHEST,1
125770,Produced doctrine about Advent's limits,created,created,container,CREATED,1
20886,Assail doctor in committee,bombard,bombard,container,ATTACKS,0
90559,Cold lake embraced by stupid swimmer,coalfish,coalfish,container,DOLPHINS,0
24534,"Large stone lion, possibly circled by winged creature",monolith,monolith,container,OBELISKS,0
82538,Upwardly mobile salesmen seize vehicle and do a bunk,scarper,scarper,container,ASCEND,0
65487,Long story without point,yearn,yearn,container,WAILS,0
47629,"""Port's stolen"", boozer admitted",hobart,hobart,container,HAVENS,0
15872,Year in prison shade,cyan,cyan,container,GRAY,0
17656,Musical with a little bit to learn in a little break,hairline,hairline,container,HAIRLINE,1
113484,German turns up keeping a vehicle in grassland,savannah,savannah,container,HABITATS,0
105322,Drug firm has one in to flog,cocaine,cocaine,container,OPIATES,0
139313,State of Orbán leaving American wanting to scoff,hungry,hungry,container,HUNGRY,1
2088,Nearly everybody's calm drinking hot drink,alcohol,alcohol,container,SERUMES,0
72926,Pub where brown cleric gets round in,tavern,tavern,container,HOSTEL,0
101103,"Concrete assessment of politician's setback, ensnared by loose woman",slumptest,slump test,container,STONE BASE,0
121427,"Still available to accommodate the German, as promised",undertaken,undertaken,container,COMPREHENDS,0
29119,Fuss from supporter about where French hotel has fallen short,brouhaha,brouhaha,container,UPROARER,0
11059,"Has time, when taking silver, to be shocked",aghast,aghast,container,AGHAST,1
73455,US city not entirely accepting south has a rotten atmosphere,miasma,miasma,container,BOSTON,0
39948,Staff regret keeping key money,retinue,retinue,container,SERVERS,0
125308,Take care over truck being recorded,minuted,minuted,container,NOTICES,0
97652,"Scab found in plant? Alas, not as friendly!",fraternal,fraternal,container,FRATERNAL,1
89634,Meal left for two couples maybe to consume,flour,flour,container,GRAIN,0
58512,One's included in slight difference of opinion - it's a problem,nuisance,nuisance,container,DILEMMA,0
96830,"Extremely wary, in case needing to cross lake",leeriest,leeriest,container,LEERIEST,1
127144,Phone about disruption of trade causing delay,retarding,retarding,container,RETARDING,1
57409,"Support, from chair, fuss about sick animal",armadillo,armadillo,container,ARMADILLO,1
71408,Greek relative circling island under the moon,ionian,ionian,container,HELLAS,0
121302,"Fruit soaking up one's drink, disperses",dissipates,dissipates,container,EVAPORATES,0
80572,"Use force about turning in, that's fine",punish,punish,container,IMPOSE,0
93540,Raise yokel to strangle duck,hoick,hoick,container,HOICK,1
19390,Firm sent round to preserve incomplete old instrument,cembalo,cembalo,container,HARPSICH,0
109473,Idiot breaking rule put in new post,reassign,reassign,container,REASSIGN,1
69339,"Bread I order inside, belonging to one shedding tears for offspring",niobean,niobean,container,NIOBEAN,1
10012,"Under Prohibition, without an audience, it's very boring",dreary,dreary,container,STALE,0
27858,Fish one consumed in foundation,basis,basis,container,FRAME,0
13897,What yours truly does after wearing gussets,insets,insets,container,ARTIST,0
92392,Monarch deprived of gold holds up an incinerator of rubber,emerypaper,emery paper,container,SILVER PLATE,0
121032,Food includes cold stuffing,farce,farce,container,MEATS,0
88695,Women moved out of complete dump,hole,hole,container,HOLE,1
107875,"A lifesaver, as bloom catches showers",brainsurgeon,brain surgeon,container,FIRSTAIDKIT,0
91120,"Vessel's drink, hot inside",ship,ship,container,HEAT,0
