Index,Clue,Solution,gemma_predicted,Spaced_Solution,llama_solved_answer
15496,"Dim clue reset by compiler finally for ""cimbalom""",dulcimer,anagram,dulcimer,HARMONIC,0
113355,ATM George misused as source of money,mortgagee,anagram,mortgagee,CASHMACHINE,0
142129,Motor enthusiast modifies other pedal,petrolhead,anagram,petrolhead,ACCELERATOR,0
12866,See animal go wild in the bush,magnolia,anagram,magnolia,BEHOLDEN,0
86325,Figure seizing hotel involved in fund-raiser,telethon,anagram,telethon,STATUETTE,0
41678,The old racer racing around Italy?,charioteer,anagram,charioteer,ITALIANATE,0
123534,Double up refashioning citadel walls,duplicate,anagram,duplicate,REDOUBLED,0
39018,"Rising artist, ignoring society, matured",aged,anagram,aged,RIPE,0
137241,Brilliance of one of Elgar's Variations,glare,anagram,glare,ENIGMA,0
71008,Think of son being corrupted in drink,consider,anagram,consider,CONSIDER,1
121272,Name and return address in America,dub,anagram,dub,USA,0
60674,Where one is involved as an ex-president,eisenhower,anagram,eisenhower,WHITEHOUSE,0
48018,"Unusually irate, not otherwise disposed to attack",tearinto,anagram,tear into,IN ARMS,0
90180,Trophy girls tricked into serious predicament,sorryplight,anagram,sorry plight,CUP TIES,0
111136,Assembled tediously for amateurish work,doityourself,anagram,do it yourself,NO NOVICE,0
3711,Go really wild with a symbolic tale,allegory,anagram,allegory,RUNWILD,0
11494,Listened when eccentric signed on,enlisted,anagram,enlisted,TUNEDIN,0
85137,Whom beer affected should keep away from it!,homebrew,anagram,home brew,ALL ALE,0
140113,He scripted nice revised report of spoken words,indirectspeech,anagram,indirect speech,SCREENPLAY,0
54535,Morse's last case stirring up memories,evocative,anagram,evocative,REMINDER,0
24929,Night is unusual source of enlightenment,insight,anagram,insight,INSIGHT,1
95281,"""Country mania"" is touring round in the same place",namibia,anagram,namibia,RURALIA,0
101319,Lionesses becoming silent,noiseless,anagram,noiseless,LIONISES,0
1091,"""Caine Mutiny"" originally flickered here",cinema,anagram,cinema,REELER,0
41246,Bird's heavy defeat overturned,linnet,anagram,linnet,KESTREL,0
83563,Cast supporting the Queen's Speech?,thrown,anagram,thrown,ACTORS,0
130470,Model curtsied for starters,crudites,anagram,crudites,MANNEQUIN,0
134320,How rifles may be carried by soldiers not wanted in retreat,ported,anagram,ported,ATSLUNG,0
59282,Cut off and also tie off,isolate,anagram,isolate,SEVERED,0
142364,Ideal version of Mexican pearl one's able to 'disappear',exemplar,anagram,exemplar,PARADISEO,0
49815,Drunken men docked in early naval vessel,minelayer,anagram,minelayer,INEBRIATE,0
136950,Let's see those teeth beginning to decay - I weep on failing to contain it,openwide,anagram,open wide,I WEEP,0
125621,Crew men showing little variation in strokes,stokers,anagram,stokers,ROWERS,0
66079,Is it after five or later he calls?,visitor,anagram,visitor,HEAVIES,0
134995,Name-dropping Dubliner shattered and put back together,rebuild,anagram,rebuild,RENDITE,0
134455,Pain he's suffering to get fit,inshape,anagram,in shape,ON DIET,0
90639,Furnace where link is forged,kiln,anagram,kiln,IRON,0
89291,"Cast my anchor in Norway, say",monarchy,anagram,monarchy,ANCHORS,0
56748,She surprised Alice,celia,anagram,celia,VIXEN,0
49003,Sort of nut that is loose,untie,anagram,untie,WALNUT,0
136829,"Hacking, will fear this security measure?",firewall,anagram,firewall,FIREWALL,1
11830,Doctor can sue for time to redeem foreign bills,usance,anagram,usance,REDIAL,0
81250,"With belly in unusually bad order, lain over",abdominal,anagram,abdominal,TURNEDUP,0
130168,Cosy conga (line dancing?),congenial,anagram,congenial,COZYLINE,0
12944,Abrasive doctor appears extremely narked,sandpaper,anagram,sandpaper,EMERYPAP,0
11832,Time permitted for transferring note in dubious cause,usance,anagram,usance,REMITT,0
60106,Certainly bound to be different,nodoubt,anagram,no doubt,IS ATYP,0
59209,"Sad, losing out in this sliding scale",glissando,anagram,glissando,DECRESC,0
120891,Floods spread sludge around Mile End,deluges,anagram,deluges,SILENT,0
84115,Are spades imported to make tracks?,exist,anagram,exist,ARETE,0
127215,As might be brakes of tank with coil rotation,antilock,anagram,anti lock,TANK ARMY,0
39461,"Flies parted, I pissed",diptera,anagram,diptera,MISUSED,0
60699,Indeed a complicated case gets passed over,deceased,anagram,deceased,IGNORED,0
31298,"Communication with naked ladies, say",email,anagram,email,NUDES,0
49328,Salad dressing envied,endive,anagram,endive,CRAVED,0
102936,"No good in house that lacks order, if untidy - might this help?",fengshui,anagram,feng shui,NO MESS,0
103706,Stock owner can let charter lapse,cattlerancher,anagram,cattle rancher,SHARE HOLDER,0
134957,Old tray I renovated with skill,adroitly,anagram,adroitly,ANTIQUE,0
1454,"Entire NHS in trouble, losing ten to bruise",shiner,anagram,shiner,HARMED,0
33877,Noble brew of ale that's about right,earl,anagram,earl,EARL,1
84522,"Position of king, plus heir, ousted",rulership,anagram,rulership,THRONEROOM,0
38158,Run member of pack over,flow,anagram,flow,PACKS,0
115813,Old councillors learned somehow about a Frenchman,aldermen,anagram,aldermen,ALDERMEN,1
103476,Could it make ferret wash?,freshwater,anagram,fresh water,FERRET SOAP,0
99052,Means of suppressing dreadful shame and panic - seem cold,escapemechanism,anagram,escape mechanism,STAMMER AND STARE,0
45473,"Found what's potentially sad ""fun"" and cheered, showing this",schadenfreude,anagram,schadenfreude,MELANCHOLICALLY,0
48600,"Monstrously stab king, and profit? It's hard to fathom",abstruse,anagram,abstruse,MONSTROUSLY,0
105648,City state ground out small business,cottageindustry,anagram,cottage industry,SINGAPORE LIMITED,0
47492,Retired Scotsman's trick,scam,anagram,scam,CARD,0
5366,Boss lost in dust storm,stud,anagram,stud,SAND,0
1030,Iberian prince angered in revolt,grandee,anagram,grandee,DONJUAN,0
122484,Head of state with guns to tame rioting,maotsetung,anagram,mao tse tung,ARM OUR,0
116450,Inexperience wears off: name gained success finally,rawness,anagram,rawness,GREENHORN,0
9207,Sat Latin translation in a lost realm of fancy,atlantis,anagram,atlantis,LOTUSLAND,0
40287,Laciest piece in the sewing box? That's stretching it!,elastic,anagram,elastic,LACELET,0
34241,One's captivated by star-shaped feature of fluted column,stria,anagram,stria,ASTRA,0
79225,No bunker could be perfectly even,unbroken,anagram,unbroken,UNEVENLY,0
86453,Crossover door,rood,anagram,rood,PORT,0
84783,Sent us out at the end of the day,sunset,anagram,sunset,DISMISS,0
22379,Old king failing to make the grade,edgar,anagram,edgar,KINGO,0
106492,"Alas, old Bob Dylan cut short touring",sadly,anagram,sadly,ALACK,0
130471,"Raw food cursed, it needing to be cooked",crudites,anagram,crudites,UNCOOKED,0
26686,Knock run off spin bowler,elbow,anagram,elbow,OVERS,0
71373,Loved to see the dreadnought wrecked,adored,anagram,adored,ADORED,1
120766,President strangely agin dancing,polkaing,anagram,polkaing,REAGAN,0
129534,"Try, as arranged, one caught being excessively lustful",satyric,anagram,satyric,LECHERO,0
111244,Toxic soup I soon blended,poisonous,anagram,poisonous,POISONED,0
82539,"Rep's car goes off, making a hasty departure",scarper,anagram,scarper,LEGISLA,0
109400,October's brief time for playing with ritualistic symbolism,totemic,anagram,totemic,HALLOWE,0
101513,A crop is knocked flat,prosaic,anagram,prosaic,PROSTR,0
85628,A hem one should repair: everyone knows that,householdname,anagram,household name,SEAMSTRESS,0
59956,Crazy bit by Len's father needs re-writing,batsinthebelfry,anagram,bats in the belfry,GO MAD IN LIFE,0
95550,Failing to disrupt the indolence,onthedecline,anagram,on the decline,NO IT SLOTH,0
129083,Explain about what keeps a wheel on,axlepin,anagram,axle pin,AXLE,0
90108,Build new Northern capital,dublin,anagram,dublin,EDIFIES,0
23025,Cowherd's pie and broth,chowder,anagram,chowder,COWPIE,0
12794,Pitfall for member when rising,trap,anagram,trap,SNARE,0
8693,"Five earth-filled urinals, recycling all-inclusive",universal,anagram,universal,TOILETS,0
107975,Bags of vicious cruelties,reticules,anagram,reticules,ATROCITIES,0
59692,A sort able to produce old instrument,astrolabe,anagram,astrolabe,LUTISTABLE,0
82165,Drunken expat in public house has a nagging wife,xanthippe,anagram,xanthippe,EXPATRIATE,0
82360,Fantastic start to theatrical career involving N. Coward,recreant,anagram,recreant,NOVELIST,0
125168,Badly-treated migrants feeling hurt,smarting,anagram,smarting,REFUGEES,0
27602,It peels off note,epistle,anagram,epistle,ONIONS,0
65483,"Ear inflammation aggravated, so it doubled",otitis,anagram,otitis,OTITIS,1
126646,Songs of Praise hasn't managed to retain big space,anthems,anagram,anthems,HYMNSAP,0
51261,Flu? See a doctor at home,easeful,anagram,easeful,INFLUEN,0
44011,"After dissection, I preserved dead mammal",peredavidsdeer,anagram,pere davids deer,I PICKED A DEAD ANIMAL,0
23751,Order alteration in grey coat,category,anagram,category,TWEEDJACKET,0
85296,Disorderly scene may come to be arranged,beargarden,anagram,bear garden,MELEE SEAT,0
113761,"Rescue injured relative, overcoming resistance",retrieval,anagram,retrieval,RELIEVED,0
4874,Playfully delicate life abused and shortened,elfin,anagram,elfin,LILTS,0
35477,"Tandoor cooking, though aromatic, ...",odorant,anagram,odorant,ODOROUS,0
109810,Circle left to access champ hit badly about the eye,ophthalmic,anagram,ophthalmic,ECCENTRIC,0
11062,"Taken aback by swindles, tag was changed outside",aghast,anagram,aghast,STUNG,0
113847,Where some African countries are off the leash,sahel,anagram,sahel,SAHARA,0
63839,Roger eagerly brewing tea for this prime minister,earlgrey,anagram,earl grey,MAY BE,0
95584,"Bone came apart, fragments left",metacarpal,anagram,metacarpal,DISJOINT,0
25834,Player's boot is undone,oboist,anagram,oboist,UNTIES,0
131014,Does nothing in particular for protest movement,potters,anagram,potters,IDLENESS,0
43572,A bit of a laugh in porn version of Oliver!?,orphan,anagram,orphan,HUMOUR,0
140261,Islander with a sore bum getting into heavy metal,faroese,anagram,faroese,MAORIST,0
135475,Regular myth set in rich ground,rhythmic,anagram,rhythmic,PARABLES,0
96009,Epstein left centre awfully cross,splenetic,anagram,splenetic,IRELANDS,0
120515,Yes-men with absurd cares about a line,accorders,anagram,accorders,SYESMENIA,0
64540,It currently controls others at assembly,rheostat,anagram,rheostat,REGENTS,0
129187,Gentleman grappling with tens of complicated relationships,entanglements,anagram,entanglements,COMPATRIOT,0
44083,"Language barrier in American intelligence, being backward",arabic,anagram,arabic,LINGUA,0
102607,"When terribly lost, read navigation guide",lodestar,anagram,lodestar,ATLASIS,0
88338,Vegetable in garden for a change,orach,anagram,orach,PEAS,0
103214,Broken zip not that unknown - fasten with another fastener,safetypin,anagram,safety pin,REZIP ME,0
109241,Simple or complicated requests,implores,anagram,implores,PLEASING,0
8558,Unusual topic related to the eye,optic,anagram,optic,IRISES,0
18331,Odd dialect in fortress,citadel,anagram,citadel,PATOIS,0
38773,It is eaten from this Paget dish,spaghetti,anagram,spaghetti,PLATTER,0
25189,Lawgiver is left in flowing river,legislator,anagram,legislator,LEGISLATOR,1
74352,Eliza Doolittle's refined arts?,hertfordshire,anagram,hertfordshire,CULTIVATED,0
37578,Resembled a damaged knee-cap on the outside,likened,anagram,likened,PATINAE,0
112464,Composer's displaced river birds,bitterns,anagram,bitterns,SCHUBERT,0
88537,Reissued order to a fighter in the ring,toreador,anagram,toreador,REMATCHED,0
114480,E. John's backing out of Italian rock,oolite,anagram,oolite,ELTON,0
19289,"A Fowler, perhaps, spoiled Rene's date",eastender,anagram,eastender,RENOUNCE,0
89600,"Greatness, sadly, sets one apart",estranges,anagram,estranges,ISOLATED,0
87582,Unpleasantly satisfied when turning sticks,smug,anagram,smug,GLUT,0
68576,Tails begin to stop wagging - how sad!,shadows,anagram,shadows,DROOPED,0
129260,"Angstrom bewitched women ultimately, pick-ups being his forte",strongman,anagram,strong man,CASANOVA,0
6351,Signary used in the plant,syringa,anagram,syringa,ROOTSYSTEM,0
42197,Some porn he circulated could account for sexual arousal,pheromones,anagram,pheromones,HOTSTUFF,0
130732,Presiding officers trading power for new shoes?,sneakers,anagram,sneakers,CHAIRMAN,0
140167,Raises false alarm as crow flies not straight,crieswolf,anagram,cries wolf,SQUAWKS,0
136748,They provided new items here and original Christmas gifts,threewisemen,anagram,three wise men,MALL SANTA CLAUS,0
95415,A song about tourist information centre initially uncertain,agnostic,anagram,agnostic,TOURIST,0
109758,"Senior cleric, unfortunately never competent",venerable,anagram,venerable,ARCHBISHOP,0
108503,Any hitch may be attributable to this bulb going out,hyacinth,anagram,hyacinth,GLITCHES,0
62952,Tie leaves back,strap,anagram,strap,NECKT,0
64537,"Teaches a number in English, perhaps",enlightens,anagram,enlightens,EDUCATES,0
120652,"Sell pint that's dodgy, getting wasted",illspent,anagram,ill spent,PIN UP,0
126582,What could make florist pay for baker's item?,filopastry,anagram,filo pastry,FLOWER POT,0
8256,A bird others turn to,skua,anagram,skua,IBIS,0
14424,Something suggestive of the rise of corporations,smut,anagram,smut,PLCS,0
90882,Unexpected gripe about live changes producing special benefit,privilege,anagram,privilege,WINDFALL,0
11567,Fashion arbiter of Welsh taste,rarebit,anagram,rarebit,DRUIDS,0
6382,Tropical plant's a mess when crushed by earth,sesame,anagram,sesame,CANNAE,0
28291,"Turn into (maybe) lira, see?",realise,anagram,realise,CONVERT,0
57375,New deal for vote loser? Hardly,roosevelt,anagram,roosevelt,RECOUNT,0
39962,He'll store brews for the landlord,hosteller,anagram,hosteller,CELLARMAN,0
39942,Handicap by turning right and heading back,trammel,anagram,trammel,HAMPER,0
6781,Refrains from upsetting sides on the way back,desists,anagram,desists,ABSTAIN,0
128339,Brown's work for England made sons rebel,angelsanddemons,anagram,angels and demons,LLOYD GEORGE,0
111429,"Upper-class bigot is to peer, roughly, as middle class to lower?",petitbourgeois,anagram,petit bourgeois,SNOB TO NOB,0
117372,Boy found embracing girl is beaten,lashed,anagram,lashed,THROBS,0
80305,What can't be caught can be made bad in lieu,inaudible,anagram,inaudible,INCURABLE,0
118630,"Being naughty, entice with sex",existence,anagram,existence,MISBEHAVE,0
63517,"Coming from Greece, men at sea",emergence,anagram,emergence,HELLENES,0
97230,What's funny about stuff,stow,anagram,stow,MATA,0
17168,State positive European words maintained by Turner,louisiana,anagram,louisiana,ASSERTS,0
23048,Dutch product manufactured to be sent North,edam,anagram,edam,MAIL,0
99635,Unnatural is the hold-up,heist,anagram,heist,AWRY,0
103444,Sean sent new order,neatness,anagram,neatness,REORDER,0
21537,"Ran election chaotically, showing inability to endure possible consequence",intolerance,anagram,intolerance,STANDSTILL,0
98272,Eh? Ben's a confused old-timer,hasbeen,anagram,has been,BEHIND,0
36665,"Herein a peculiar tale, out of this world",ethereal,anagram,ethereal,ALIENATE,0
75628,Instrument is changing pitch,sitar,anagram,sitar,VIOLAS,0
126186,Comply with the last of compulsory orders in cell,lymphocyte,anagram,lymphocyte,OBEYTHELAW,0
13216,Mince pie and kipper for bon vivant,epicure,anagram,epicure,GOURMET,0
18779,Piece of music lisped by beater,thong,anagram,thong,SONAT,0
141849,Brew one's drunk with more sediment?,bittier,anagram,bittier,RESIDUE,0
8924,A scene suited for necromancy?,seance,anagram,seance,SEANCE,1
124012,Nasty tear on doll (snapped again?),retaken,anagram,retaken,RIPPEDU,0
75534,"Run down gradient, tumbling close to barricade",denigrate,anagram,denigrate,DOWNHILL,0
1550,"Writing after death, I go in to bury a revolutionary",obituary,anagram,obituary,OBITUARY,1
114995,"I must note effect of putting verbs at end of clauses, say",teutonism,anagram,teutonism,IMPLICIT,0
41251,Instrument for getting firm out of rotten mess,cornetto,anagram,cornetto,LYREBIRD,0
81307,One sort of mansion that would stop you from going off,insomnia,anagram,insomnia,ANCHORS,0
57195,Outlet for dispersing fuel,flue,anagram,flue,NOZZ,0
134575,Carl and Rita up for a romp - suspect initially these might get taken down,particulars,anagram,particulars,CURTAINCALL,0
119901,One proving superior bringing about reprieval,prevailer,anagram,prevailer,REDEMPTION,0
111112,Poe's ghost creeps shapelessly round the centre of Seattle,specter,anagram,specter,RAVENING,0
120974,"Bringing off crime, saint not I?",miscreant,anagram,miscreant,PERPETRATE,0
94310,Deleted it by mistake in an important document,titledeed,anagram,title deed,ERASED IT,0
25521,Letter arranging to return in first-class accommodation,iota,anagram,iota,ABCD,0
103016,Not believing a lot can be changed,fatalistic,anagram,fatalistic,SCEPTICAL,0
111768,Ascertain unusual view of a philosopher,cartesian,anagram,cartesian,VIEWPOINT,0
35202,"Singer, collapsing, to bow out",resign,anagram,resign,WARBLE,0
85043,Untouchable Costa Ricans want one badly,sacrosanct,anagram,sacrosanct,TICORICANS,0
27839,As classical wool gatherers slaughter a runic goat,argonautic,anagram,argonautic,CLASSICAL,0
132575,Scrap dealer keeps Ethel confused? Exactly!,totheletter,anagram,to the letter,IT IS TRUE,0
81545,Stirring march tune may be what weary walkers long for,armchair,anagram,armchair,RESTSTOP,0
67808,One with a peculiar attachment - perhaps she fits it,fetishist,anagram,fetishist,SHEATHES,0
101178,Almost the end of the match?,decreenisi,anagram,decree nisi,NEAR END,0
110447,I name this compound an irritant,histamine,anagram,histamine,ALLERGEN,0
122705,Unusual instances happening all the time,incessant,anagram,incessant,EVERMORE,0
110475,"Fantastic scenery: when sun comes out, see the old city",cyrene,anagram,cyrene,EDENIC,0
90522,Walk in nature's strange way,saunter,anagram,saunter,RAMBLES,0
111957,Torpedo carriers ordered to base,eboats,anagram,e boats,SUBMAR,0
109395,It's hard to recall ingredients of country remedy,emery,anagram,emery,SALVE,0
100066,Then hear dean get potty about old Bible and what's in it?,heavenandearth,anagram,heaven and earth,GENESIS,0
29555,Alter formation? Not yet,later,anagram,later,SHAPE,0
87619,CNN hired a drunk with an impediment,hindrance,anagram,hindrance,STAMMER,0
949,A notion to be cast as the Merchant of Venice,antonio,anagram,antonio,SHYLOCK,0
61523,A bees' nest disturbed by non-attentive people?,absentees,anagram,absentees,INATTENDS,0
127953,Cornered gnu dealt a blow,angulated,anagram,angulated,GNUSTRIKE,0
99040,Bind by inane church regulation?,enchain,anagram,enchain,ENTHRALL,0
12868,Log mania destroyed arboreal specimen,magnolia,anagram,magnolia,TIMBERED,0
141648,Joke brings judge appalling disrepute,jeudesprit,anagram,jeu desprit,BAD JUDGE,0
42518,"Apprentice isn't giving up time in plane, say",trainee,anagram,trainee,TRAINEE,1
49845,"A humble fan to be moved, too deep for words",unfathomable,anagram,unfathomable,SPEECHLESS,0
18086,"Regarding difficult clues, one is not inclined to be forthcoming",recluse,anagram,recluse,RETICENT,0
113724,Push blend of US pop and Lion King (short version),propulsion,anagram,propulsion,PUSHBUTTON,0
121731,Tempera is mixed at leisure,sparetime,anagram,spare time,AT EASELY,0
125877,Royals are distraught in period of world revolution,solaryear,anagram,solar year,KINGS IN,0
114177,Edna's kebab is mixed with cheap tinned food,bakedbeans,anagram,baked beans,DONER KEBAB,0
73103,Newcomer makes engine turn ...,ingenue,anagram,ingenue,ROOKIE,0
39523,Stride about ship in trouble,distress,anagram,distress,PACEMAKER,0
104166,Hopes are renewed when soldiers ride in Western,horseopera,anagram,horse opera,REINDEER,0
7077,Kind to preside over slightly twisted board,charitable,anagram,charitable,BENIGNLY,0
21358,It's dangerous to ruin her plans,shrapnel,anagram,shrapnel,PERILOUS,0
105213,"Injured sister OK? No? Nephews, except Gilbert, remain calm",keeponesshirton,anagram,keep ones shirt on,ISIS OK NO US,0
140557,Penalty on account of bad ref I oft rue,forfeiture,anagram,forfeiture,REGRETTABLE,0
119274,Scots Amish splinter group getting pleasure from pain,masochists,anagram,masochists,MASOCHISTIC,0
108587,"Exceptionally animated, sparkling stuff",diamante,anagram,diamante,SPARKLER,0
132564,"Gloom and doom with this blue mood, not married sadly",doubleo,anagram,double o,BLUE INK,0
123184,"Lumbar puncture for American applicants, annoyed when giving up cocaine",spinaltap,anagram,spinal tap,LUMBAR,0
74293,Antipathy from the gallery,allergy,anagram,allergy,HATREDS,0
79087,Time to take in strange rite by the Red Sea,eritrea,anagram,eritrea,RITUALS,0
119268,"Gloomy playing besets universal, faithfully reproduced Chopin study, maybe",musicology,anagram,musicology,REPLAYING,0
75438,Abbey Arts money collection,monastery,anagram,monastery,CANONRY,0
135596,Odd role rewritten by an idle scribbler,doodler,anagram,doodler,SCRIBBLE,0
86945,Hopeless couple taken in by bad design,despairing,anagram,despairing,DESIGNING,0
95470,Divine drawing of lots of egrets smeared with oil,sortilege,anagram,sortilege,SORTITION,0
117337,Transferring teacher to university tripled the best habits,hautecouture,anagram,haute couture,GOODHABITS,0
101443,Conservative backing the centre was sacked,troy,anagram,troy,TORA,0
41913,In love with exotic demeanour,enamoured,anagram,enamoured,INFATUA,0
86303,She went in outlandish make-up to get publicised,inthenews,anagram,in the news,IN ON IT,0
139570,"Surly git, ’e's playing at this time of year?",uglysister,anagram,ugly sister,EASTERT,0
127474,They reared up in classic race,thederby,anagram,the derby,THE DERBY,1
96904,"Hard life, or nothing could be more death-defying",foolhardier,anagram,foolhardier,HARDCORE,0
99008,Chay - name associated with mast?,yachtsman,anagram,yachtsman,TEACHING,0
117890,"Deionise compound, infusing two litres as plant extract",linseedoil,anagram,linseed oil,HERBALTEA,0
29376,"Ray, perhaps, uncovering rare find",infrared,anagram,infra red,RARE FIND,0
108782,"Peter with men in resort, having no match",preeminent,anagram,pre eminent,PETER PAN,0
24035,Clothes worn back-to-front for game,brag,anagram,brag,DART,0
105075,Wrong one can upset clergyman,inaccurate,anagram,inaccurate,MINISTER,0
43067,Pea soup everyone sent back - another dish wanted,paella,anagram,paella,PEASE,0
101750,Left from funerals shaken and more vulnerable,unsafer,anagram,unsafer,WEAKEN,0
5651,"Part of a spur that's further down, left to right and vice versa",rowel,anagram,rowel,ROWEL,1
123599,"Paddle in doubt, struggling to find boat's motor",outboard,anagram,outboard,PUDDLES,0
135953,Daughter is busy frittering allowance,subsidy,anagram,subsidy,SQUAND,0
102752,A desperate fellow coming back with nothing,nada,anagram,nada,NEAT,0
60006,Deceptively conclusive state official,viceconsul,anagram,vice consul,NO GO,0
19080,Character brewing tea with urn,nature,anagram,nature,PERSON,0
122036,Don't interfere before time: let's go wandering,getlost,anagram,get lost,LET IT,0
102495,Joining EU may be unsuitable,istanbul,anagram,istanbul,INAPPLIC,0
60316,Produce to fill a lot - of ships?,flotilla,anagram,flotilla,LAUNCHER,0
38436,A trail possibly taken to rodeo by cowboy,lariat,anagram,lariat,LASSOER,0
107308,I misdo translation of particular expressions,idioms,anagram,idioms,IDIOLECT,0
10049,Mere mortals about to go wild for Norwegian spinner,maelstrom,anagram,maelstrom,MORTALCOIL,0
44652,Our stamina is restored here,sanatorium,anagram,sanatorium,OURSPARETIME,0
137362,"Numbers game played with iPad, rules added",epidurals,anagram,epidurals,RISKADDICT,0
85811,Give out overtime,emit,anagram,emit,EXERT,0
27028,Taunt Linus about blanket at the end,insult,anagram,insult,TEASES,0
89,"Hereditary earls can't, unfortunately",ancestral,anagram,ancestral,TITLEDEED,0
108989,"Swinging instrumentalist, a corrupt, hag-ridden Trojan",djangoreinhardt,anagram,django reinhardt,"PIANIST, HECUBA",0
124188,Lira - foreign currency in Guiana circulating as means of exchange,linguafranca,anagram,lingua franca,"ITALIAN, LIRE",0
107058,Bad lad drew trailer,dawdler,anagram,dawdler,DRAWBAR,0
130948,Bone fused at least with arm,metatarsal,anagram,metatarsal,OSSEOUSLY,0
125201,Nearly led astray with erudition?,learnedly,anagram,learnedly,MISLEDGER,0
119386,"Caspian, say, gets Annie's lad off",inlandsea,anagram,inland sea,"SEALION, SON",0
102494,Built as arranged around northern capital at one time,istanbul,anagram,istanbul,ERECTED,0
38356,Teen rave as a new form of worship,venerate,anagram,venerate,RITUALS,0
138241,"""Almost clean"" Brexit arranged, that can be delivered",extricable,anagram,extricable,PARCELED,0
35073,Fabric made up in the form of a circular cylinder,lycra,anagram,lycra,CREPE,0
45824,Local store has shaved the fuzz for Spooner?,cornershop,anagram,corner shop,CORNER SHOP,1
133934,Normal prices for stocks when re-ordering Super Lava,parvalues,anagram,par values,PAR VALUES,1
49501,Nerve broken? Not at all!,never,anagram,never,NEURS,0
38988,Gun with catches set back,sten,anagram,sten,RATS,0
137586,Lad choosy about place of education,dayschool,anagram,day school,MAN CHOIR,0
8442,Lease administered by the church in London,chelsea,anagram,chelsea,RECTORY,0
16450,Destroyer's ruse at sea to protect stricken boat,saboteur,anagram,saboteur,SMOKESCREEN,0
37407,"Charge for rope trick, get back inside!",protege,anagram,protege,RESCUE,0
46934,Bound to sound like a current variation,tied,anagram,tied,RASH,0
134198,Retired official tucks into entire assorted hamper,interfere,anagram,interfere,HAMPERS,0
84847,Beekeeper looks very much like a pianist,apiarist,anagram,apiarist,APIARIST,1
72615,"Sipped, say, stew causing stomach upset",dyspepsia,anagram,dyspepsia,DRUNKENS,0
133502,Don't lose hope! Do I deserve any?,neversaydie,anagram,never say die,DONT LOSE HOPE,0
5254,It's maybe left to staircase when it's not there,escalator,anagram,escalator,BALUSTER,0
134316,Neuro-doctor operated on Shakespeare's Globe?,rondure,anagram,rondure,NEUROSE,0
93994,There's poor Rodney,yonder,anagram,yonder,RODDEN,0
118143,Change from krone needed to join Hellish Biker Club,knobkerrie,anagram,knobkerrie,HARLEYDA,0
104266,Drunken pest with dope barred from the bar?,estopped,anagram,estopped,ROWDYBAR,0
91322,"Adrift, mid ocean, without soft puzzle collections",compendia,anagram,compendia,ATSEALEVEL,0
18183,Downfall makes temper return,doom,anagram,doom,IRAT,0
4328,Is Helen bound over to be free of obligation?,unbeholden,anagram,unbeholden,UNACCOUNTABLE,0
85540,Times edition for children,mites,anagram,mites,KIDST,0
69135,Operatic singer keen to make a comeback,diva,anagram,diva,ALTO,0
111270,"Bow to wear, twisted",nod,anagram,nod,TIE,0
107952,Draw spirit miles up,raffle,anagram,raffle,ARTIST,0
15724,Principles embodying rights of one in the crumbling Civil Service,ethics,anagram,ethics,TENETS,0
29034,Opposes odd-looking sisters,resists,anagram,resists,RESISTS,1
56345,Fancy coping with bare adults dancing around?,balustrade,anagram,balustrade,IMAGINATIVE,0
131404,Bit of a setback for brownie lovers,snaffle,anagram,snaffle,BLOWNIT,0
65277,Turning grey? Not us - nor him,youngster,anagram,youngster,NEITHER,0
137515,Scientist works here with harpoon and cage? Not he,oceanographer,anagram,oceanographer,LABORATORIES,0
95370,"A month back, penniless in old money",lira,anagram,lira,APRIL,0
96273,Medicines that vary in cost,tonics,anagram,tonics,PRICES,0
45120,Spilt glue on loaf!,lounge,anagram,lounge,STICKY,0
50506,Aunt Ryder switched to a cheaper fare,dayreturn,anagram,day return,AND BUS,0
47980,"Go for a jog, taking wrong turn",trot,anagram,trot,RUNS,0
19550,"Prune, I gathered, not ready to eat",unripe,anagram,unripe,UNRIPE,1
102427,"Irritated seducer, not being alone",unescorted,anagram,unescorted,TEASEFUL,0
83419,Absorbent soup or stew,porous,anagram,porous,BISQUE,0
45035,Confused order in account associated with cooking?,coriander,anagram,coriander,RECIPE,0
84499,Very amusing - unruly hairstyle covers Conservative,hysterical,anagram,hysterical,HILARIOUS,0
41517,Composer's important name changed a bit where the rubbish goes,bernstein,anagram,bernstein,BINETTI,0
95732,A toy used at tea time said to make one hoarse,throaty,anagram,throaty,WHISTLE,0
84386,Al names Dickey in sign language,ameslan,anagram,ameslan,ALADDIN,0
105829,Can come to play with model construction set,meccano,anagram,meccano,LEGOSET,0
80712,Maniacs fit to bust - displaying this,fanaticism,anagram,fanaticism,DEMOCRACY,0
141016,"Refusing to change opinion of university, Wayne Slob, a mess, drops round",unswayable,anagram,unswayable,STUBBORN,0
121551,Rubbish put out? It rusted!,detritus,anagram,detritus,REFUSED,0
111306,Ringtones are annoying,resonate,anagram,resonate,IRKSOME,0
28408,Shape of playing field a mess,rectangle,anagram,rectangle,RECTANGLE,1
115660,Such food's origin can be suspicious,inorganic,anagram,inorganic,SUSPECT,0
121234,"Long dress, backless, seen in French capital",londres,anagram,londres,MAXIDRESS,0
128191,Paul's wife in cutie snatched by virtually mad African,zimbabwean,anagram,zimbabwean,LINDA MCMARTIAN,0
142116,Backward-looking philosophy to suit minister being nasty,restitutionism,anagram,restitutionism,REACTIONARY,0
50168,New seat given to sailors behind,astern,anagram,astern,STERNER,0
85326,Sadie's naughty whispers,asides,anagram,asides,SADISTS,0
79954,"Possibly found in bar seats, but they're not drinking",abstainers,anagram,abstainers,STOOLPIGEONS,0
99131,House of lead: fear melting within,prefab,anagram,prefab,TERACED,0
105061,Shelter shimmering in sunset gets hot inside,nissenhut,anagram,nissen hut,TEA ROOM,0
58991,"Lass, like this clue, n end f rpe?",noose,anagram,noose,LASSI,0
118501,A little pretence and no mistake,onepercent,anagram,one percent,A BIT OF A MISTAKE,0
104850,One Turin game that's free of charge,neutrino,anagram,neutrino,SHOFTIME,0
186,Put off one with disease returning,repel,anagram,repel,DELAY,0
141528,"Executive position, brewing cider - sort drunk with joint",directorship,anagram,directorship,CHIEFEXECUTIVE,0
58320,Nader the stabiliser - so peril's averted,spoiler,anagram,spoiler,STABILISER,0
63885,Let priest go to cast out unwanted spirit,poltergeist,anagram,poltergeist,EXORCISING,0
131773,Turning in one's irritation increased,risen,anagram,risen,IRATER,0
34039,Averts disaster fast!,starve,anagram,starve,SAVES,0
117901,"In old English, revision of chapter left by Lords to Commons",otherplace,anagram,other place,HOUSE OF COMMONS,0
78168,"Without preparation, extreme confusion surrounds Post Office",extempore,anagram,extempore,IMPROMPTU,0
134193,Those going through life with US and Iraq in conflict,qualifiers,anagram,qualifiers,INSURGENTS,0
122725,Very large animal initially kept in pen (hint: eel's wrong),elephantine,anagram,elephantine,ELEPHANTINE,1
44727,"Attic half overturned, brought to order",garter,anagram,garter,ATONED,0
115494,Bearing maintained by naughty nineties director,eisenstein,anagram,eisenstein,DIRECTION,0
19272,Broken lance not spotted,clean,anagram,clean,UNSEEN,0
129429,A brother we found devastated by conflict,theboerwar,anagram,the boer war,A WAR BROKE,0
117766,"Setter mistakenly missing turn, goes without nothing but throws up",disgorges,anagram,disgorges,STOMACHER,0
8764,"Mad to reverse, try going forward",stab,anagram,stab,SANER,0
130149,Compel family to cycle (should not go out during major sporting event),olympicflame,anagram,olympic flame,FORCE HOME,0
18542,"Boatman's cover is partial, unsurprisingly",tarpaulin,anagram,tarpaulin,CANOPIES,0
117057,Handles books don ordered about queen,doorknobs,anagram,doorknobs,TITLEBAR,0
95882,Scotched her father's inspiration,freshheart,anagram,fresh heart,MOTHERS,0
142353,Dodgy polaroids safe? Happiness short-lived,foolsparadise,anagram,fools paradise,HOT TUBS,0
111010,Asian last to rattle adversary,assailant,anagram,assailant,ENEMIES,0
41906,"Spoony, perhaps, with stirring demeanour",enamoured,anagram,enamoured,SPOONING,0
85804,Derby date produced a favourite among three-year-olds,teddybear,anagram,teddy bear,RACE HOR,0
132807,"Raises cost somehow, or gets cut off",ostracises,anagram,ostracises,INCREASE,0
7879,Temper the effects of sausage roll,assuage,anagram,assuage,BALANCE,0
36689,Mysterious name from masonic tiles?,mosaic,anagram,mosaic,ANAGRAM,0
106251,Way to be impressed by sunrise's form - or lack of it?,rustiness,anagram,rustiness,AWESTRUCK,0
64158,"Voltaire, say - deep cynic lost at sea",encyclopedist,anagram,encyclopedist,PHILOSOPHER,0
85727,Hour in which ethnic group rises for fresh start,rebirth,anagram,rebirth,SHOMERI,0
24378,Past master in sari and hot pants,historian,anagram,historian,HISTORIAN,1
74304,See a clip supposed to be great,especial,anagram,especial,REVIEWED,0
45126,"Sends Evelyn, as I'd rectified a number of faults",sevendeadlysins,anagram,seven deadly sins,SENDS EVE AS I EDIT,0
142173,"It's Red Revolution, the worst",direst,anagram,direst,REDDEST,0
79999,Insisted order must be a good order,tidiness,anagram,tidiness,ORDAINED,0
86848,Wizards are most active on Sunday,maestros,anagram,maestros,SORCERES,0
83436,Translate name found in prettier version,interpret,anagram,interpret,RENDERING,0
74572,Artisan alters creation,slater,anagram,slater,CRAFTS,0
33740,Man trained with choir for musical,harmonic,anagram,harmonic,CHORISTER,0
59224,Bear guest destroying plant,sugarbeet,anagram,sugar beet,BEAR GRYL,0
64901,"One sumo wrestling in Finland, as locals would say",suomi,anagram,suomi,SUOMI,1
111096,Scientists here made flexible card envelopes,academe,anagram,academe,SCOTLAND,0
100214,Presley lives again!,elvis,anagram,elvis,ELVIS,1
37294,Sad ears need music,serenade,anagram,serenade,MELANCH,0
130173,Tiny creature avoiding northern frontier resort,rotifer,anagram,rotifer,GNATIRES,0
39575,Soup with ices? Unusually plausible but wrong!,specious,anagram,specious,CHILLIES,0
99995,"Rare rat, I suspect, in glass cages",terraria,anagram,terraria,MICEINBOX,0
45719,Picadors are involved here and there,sporadic,anagram,sporadic,BULLRINGS,0
103996,Guffaw if her goulash is awful,horselaugh,anagram,horse laugh,LAUGH AT,0
4215,She requires daily refreshment,lydia,anagram,lydia,HERBA,0
51563,Column almost collapsing? I'll fill the gap,locum,anagram,locum,PILOT,0
122653,X-ray of man or egg - or net product,roentgenogram,anagram,roentgenogram,NETWORKSYSTEM,0
32747,Missionary agents live abroad,evangelist,anagram,evangelist,FOREIGNERS,0
126386,"Tokay, heated mistakenly, following pages? Don't go to work!",takethedayoff,anagram,take the day off,STAY AT HOME,0
60671,"Where noise is unsettling, in general",eisenhower,anagram,eisenhower,HOSPITALS,0
114865,Where a Londoner hates damp spreading,hampstead,anagram,hampstead,KITCHENET,0
76210,Meet price as arranged for tour de force,masterpiece,anagram,masterpiece,TARIFFABLE,0
117150,"Starting over, the ophthalmic surgeons manage to get the wrong instrument!",otoscope,anagram,otoscope,RESTARTS,0
29275,Famous Greek plot - a disaster,plato,anagram,plato,MYTHOS,0
78071,Maybe his place is rented out,resident,anagram,resident,HISLETME,0
41418,Sartre's letters giving rise to apprehension,arrest,anagram,arrest,ANXIETY,0
99954,"Ballot fixers in attractive colours, not our problem",tacticalvoters,anagram,tactical voters,ELECTORAL,0
10596,It's found in church building patterns,transept,anagram,transept,STAINED,0
23223,Order shop sent to stock cover of Elton's Rocket Man,stephenson,anagram,stephenson,ORDERSHEET,0
102624,"Assured novel, but wilder movie",sunsetboulevard,anagram,sunset boulevard,FICTIONAL,0
5533,Flavouring and cooking man's tripe,spearmint,anagram,spearmint,MARROWING,0
52467,Catch ten fresh fish,entangle,anagram,entangle,NETTING,0
39033,Old artist mostly upset,aged,anagram,aged,OTTO,0
99172,"Singer with no regrets, if paid the rent?",edithpiaf,anagram,edith piaf,TORI AMOS,0
115659,In love and caring fantastically - it's a sort of chemistry,inorganic,anagram,inorganic,ROMANTIC,0
41823,Tree could be so creamy,sycamore,anagram,sycamore,BUTTERY,0
87504,Choir with its quavers breaking new ground,historic,anagram,historic,CHORUSES,0
76062,Processed heroin available at a price,onhire,anagram,on hire,ON COST,0
127336,"Musical system that can be revised for solo, in fact",tonicsolfa,anagram,tonic sol fa,SOL FA MI,0
951,He owed a pound of flesh? A strange notion,antonio,anagram,antonio,SHYLOCK,0
114210,Criticises card game's return,pans,anagram,pans,SLAM,0
13585,Irene may appear when he's around,ernie,anagram,ernie,HALOS,0
76938,Thwart the unknown in confused times,stymie,anagram,stymie,FOILS,0
107566,"Rich, turning up, is on cue",pecunious,anagram,pecunious,AFFLUENT,0
50078,Where to find Lorelei in her distress,rhine,anagram,rhine,RHINE,1
12632,It shows pressure or bias is developing,isobar,anagram,isobar,SLANTS,0
138977,"Executing rogue, sorrowful earl replaces head of axe",implementing,anagram,implementing,IMPLEMENT,0
15394,"Tell one all we arranged and, if it ain't broke, don't fix it",letwellalone,anagram,let well alone,IF AT IS,0
108427,One's crisis forced annulment,rescission,anagram,rescission,IDENTITY,0
132221,Smart clothes are endlessly turning up for French politician,chirac,anagram,chirac,CHICER,0
126424,Determined a doubter will convert,obdurate,anagram,obdurate,CONVINCE,0
68791,Convert her with my short poem!,rhyme,anagram,rhyme,VERSE,0
68900,Gets messing about in boats,obtains,anagram,obtains,SAILOR,0
106085,Members unite having right to work for this?,reimbursement,anagram,reimbursement,TRADEUNION,0
96151,Lower speeds ordered on both sides of the river,depress,anagram,depress,SLOWER,0
11786,Wrongly push to a conclusion,upshot,anagram,upshot,FORCES,0
33122,"Comedian met fame awkwardly, finally destroyed",mademincemeatof,anagram,made mincemeat of,DIE ON STAGE,0
113542,New pair go off to win election,gainpower,anagram,gain power,NO NEWT,0
63029,Meets train as ordered where it stops,terminates,anagram,terminates,MEETSTRAM,0
97388,Nameless tyrant can become irritable,ratty,anagram,ratty,TSAR,0
35604,This orc running is one that can't fly,ostrich,anagram,ostrich,ORCINE,0
88587,"Hercule II, revolutionary French churchman",richelieu,anagram,richelieu,PEREGRINE,0
4635,Avenge upset in Switzerland,geneva,anagram,geneva,AVENGE,0
20332,Shocked query about new cars is unhinged,isnothingsacred,anagram,is nothing sacred,IS NEW CAR,0
64452,"So ""Tripe"" is silly retort",riposte,anagram,riposte,RIPOSTE,1
121781,"Oratory fought fight, beat beast, missing bus at random",thegiftofthegab,anagram,the gift of the gab,ORO FIGHT,0
140742,"A comic ran about like 'Michelle, ma belle ... ’",macaronic,anagram,macaronic,SINGERSON,0
139591,Straight instruction in this flat: coffee should be stirred,thefactsoflife,anagram,the facts of life,IN AB FLAT,0
106115,"Put on reversion, having bounced twice?",notup,anagram,not up,ON TO,0
23594,Substitute tears round chicane?,ersatz,anagram,ersatz,RELAYS,0
132031,Dubious legal reason area's lacking cell units,organelles,anagram,organelles,TECHNICAL,0
70201,Sell one before hotel gets turned over,flog,anagram,flog,VEND,0
64306,Curve produced by exceptional strain - internal fix needed,intrados,anagram,intrados,STRESSS,0
96987,Prophet avoiding pride through divine intervention,daniel,anagram,daniel,SEERSA,0
83068,Mince pies to include a number of drugs,opiates,anagram,opiates,MINCED,0
17724,Steer and nag unexpectedly break off friendship,estrange,anagram,estrange,OXENATE,0
39287,Shocking treatment in part upset old prince,elector,anagram,elector,TRANCE,0
28203,Law maker sent round a round robin initially,senator,anagram,senator,LEGISL,0
131110,"""Matron, I developed stomach pains""",tormina,anagram,tormina,ACHING,0
39302,Sense of state corruption,taste,anagram,taste,ROTAS,0
14019,Playing at Euros: result in sudden-death shoot-out?,russianroulette,anagram,russian roulette,PLAYOFF,0
110954,Maiden featured in special birthday poem,dithyramb,anagram,dithyramb,ODETTE,0
18657,Stoned intern put drug in solvent,turpentine,anagram,turpentine,INTOXICAT,0
67614,Ale fitted with cork once went to dandy''s head,earlock,anagram,earlock,BARMAN,0
67845,About a thousand units involved in main disturbance,tsunami,anagram,tsunami,RIOTERS,0
119706,Indian princess from Poona chats animatedly,pocahontas,anagram,pocahontas,MAHARANI,0
124670,One seeking or finding nasty old minger,goldminer,anagram,gold miner,GOLD DIGGER,0
38563,Peter and Paul upset Andrew? It can't be done,perpetualmotion,anagram,perpetual motion,MISSION IMPOSSIBLE,0
117244,Type of element that is unstable mostly and molten,nonmetal,anagram,non metal,ION GAS,0
25665,Girl libels AA organisation,isabella,anagram,isabella,SLANDER,0
117317,Fellow in RAF wrote about what he took part in?,wareffort,anagram,war effort,ACE AIR,0
130336,Mostly Jim Henson animating chaps,johnnies,anagram,johnnies,MUPPETS,0
137796,"Happy, if Steve gets changed",festive,anagram,festive,ELATED,0
135894,Once more committed a boring and endless reformation,bornagain,anagram,born again,AGAINST,0
141671,Perhaps chrome is made primarily into very fine material,micromesh,anagram,micromesh,SILKMOTH,0
81707,Journalist taken aback by news of the country,sweden,anagram,sweden,IRELAND,0
35602,"This roc, fantastic bird!",ostrich,anagram,ostrich,FABULAR,0
125425,"Collection of six American states and glen, clued cryptically?",newengland,anagram,new england,NEW ENGLAND,1
22543,Engineers admitting everyone in China destined never to meet,parallel,anagram,parallel,WALLFLOWER,0
93999,Guns by hill going off in confusion,blushingly,anagram,blushingly,CANNONADE,0
84184,Cheerer stopped getting excited - no words coming directly,reportedspeech,anagram,reported speech,SPEECHLESS,0
60409,Seductress's lacy pants with edging of pearls round,calypso,anagram,calypso,LINGERIE,0
29595,Never once arranged to meet again,reconvene,anagram,reconvene,NEVERMORE,0
50779,"Bird to catch, tail first",rhea,anagram,rhea,LARK,0
51725,It may be recommended as a sun resort,nassau,anagram,nassau,ISLAND,0
76542,Oil giant wrecked artwork,intaglio,anagram,intaglio,PICASSO,0
66526,Improperly press one for an answer,response,anagram,response,COERCING,0
3057,Nominates reform for US state,minnesota,anagram,minnesota,PROPOSES,0
40757,Tipsy girlies drinking new wine,riesling,anagram,riesling,INEBRIATE,0
75944,Use endless charity when performing church service,eucharist,anagram,eucharist,MINISTER,0
140044,"Move back in June - decor terrible, on reflection",retrocede,anagram,retrocede,RECEDING,0
120958,Apt phrase describes party wear?,paperhats,anagram,paper hats,APT TO,0
23573,"Feeling guilty, has made reparations",ashamed,anagram,ashamed,ATONED,0
9358,On reflection one's not quite resolute enough,loser,anagram,loser,WAVES,0
112266,Dizzy rascal has quantity for mathematicians,scalar,anagram,scalar,NUMBSK,0
21722,"Feed a pet sugar, perhaps",pasturage,anagram,pasturage,SPOONFE,0
36682,Delicate embroidery originally attached to leather pants,ethereal,anagram,ethereal,LACEWORK,0
10238,Fixed stake over volcano,etna,anagram,etna,ETNA,1
105802,Element's mass men doubly misrepresented,molybdenum,anagram,molybdenum,ATOMIZED,0
3099,Mineral disturbed antelopes,pleonaste,anagram,pleonaste,TURQUOISE,0
1934,Descriptive words no good for teeth pig's lost,epithets,anagram,epithets,ADJECTIV,0
6756,Tears by poor head's supporters,adherents,anagram,adherents,SUPPORTERS,0
4727,Terrier worrying a minimalist going south,militiaman,anagram,militiaman,ASTRIDE,0
87093,"Heavily used when preparing to play the pantomime villain, eastern boy Prince Lew, maybe?",eyebrowpencil,anagram,eyebrow pencil,WARMING UP,0
28112,"Weak sort of dispirin, saving horse's heart",insipid,anagram,insipid,ASPIRIN,0
111037,One can blame corrupt bias,imbalance,anagram,imbalance,ONELOOKS,0
52026,Secure top of foresail in rough sea,safe,anagram,safe,LASH,0
81570,Cut when rewritten,hewn,anagram,hewn,EDIT,0
106457,In which one may see mad gal posing naughtily?,ladmag,anagram,lad mag,EYE SPY,0
74250,One of the nouveau riche from Peru in van crash,parvenu,anagram,parvenu,PARVENU,1
95817,"OK, reach a mike an' play this automatic backing device",karaokemachine,anagram,karaoke machine,RHYTHM SECTION,0
31595,Set a clue in Western Australia,eucla,anagram,eucla,PERTH,0
108767,"Dramatic and inspiring performances, specially with arm broken",miracleplays,anagram,miracle plays,ARMFULS,0
49601,A sportsman spinning the tale,athlete,anagram,athlete,ATHLETE,1
112953,"Rebel MP has reformed, so he swears!",blasphemer,anagram,blasphemer,TURNCOATS,0
38706,Helen & Co refurbished station,echelon,anagram,echelon,ELENIUM,0
44074,"French boy's looking up meaning of ""gunk""",slime,anagram,slime,MIREX,0
79559,Firm's idea incomplete unfortunately: it's gone wrong,misfired,anagram,misfired,CONCEPT,0
25961,"A bid, perhaps, to get ""loo"" regulated as a game",diabolo,anagram,diabolo,TOILET,0
20266,"Large paper plane, the folding",elephant,anagram,elephant,NEWSPAPER,0
27724,A spider possibly saved Bruce from it,despair,anagram,despair,SILKWEB,0
133430,"Like warning signs Alan Turing devised, changing number for radius",triangular,anagram,triangular,DANGERZONE,0
93380,"It's paradise, newly created without Eden's first plant",aspidistra,anagram,aspidistra,NEOCREATED,0
50725,Advertiser gives his cat a cuckoo,saatchi,anagram,saatchi,ADMANIA,0
44799,"Tanks in army's front, as bearing westwards",aquaria,anagram,aquaria,TANKARD,0
120109,What deters wandering Saudis? Promised land?,dissuasion,anagram,dissuasion,HOLYPROMISE,0
136689,Turns angry - it's trouble over nothing,gyrations,anagram,gyrations,TROUBLES,0
76787,Expert change to steam railway,masterly,anagram,masterly,PROFESSIONAL,0
47627,It's sweltering without a watering place down under,hobart,anagram,hobart,OASISE,0
122882,Plenty of mucus around,tons,anagram,tons,SLIM,0
136705,Moved paper getting thrown around,shifted,anagram,shifted,REMOVED,0
139851,"Old Inuit set adrift, weakening",dilution,anagram,dilution,ESKIMOS,0
114961,"Finding commerce so sadly devoid of ecstasy, I ferry the kids",soccermom,anagram,soccer mom,TRADE IN,0
24387,There is nothing amiss in such speculations,theories,anagram,theories,HYPOTHESES,0
20689,"As an older person, poor Ronnie's disheartened",senior,anagram,senior,SENIOR,1
69631,Accountant finds many assorted islands as a tax haven,cayman,anagram,cayman,IRELAND,0
29176,Prepared obstacles to hold back river,oder,anagram,oder,DAMS,0
6334,Gore has valid application,vidal,anagram,vidal,MERIT,0
105777,What infidels do beside evil rebels,disbelieve,anagram,disbelieve,CONSPIRE,0
80502,Socratic path could be disastrous,catastrophic,anagram,catastrophic,CATASTROPHE,0
83346,"Gunner has job, it turns out, in South Africa",johannesburg,anagram,johannesburg,ARTILLERIST,0
22350,Inventor whose produce may be diverse,deviser,anagram,deviser,FARMER,0
46616,Time-worn coin,mite,anagram,mite,OLD,0
69462,Dreadful lies about Ham being outcast son of Abraham,ishmael,anagram,ishmael,HORRORS,0
134621,Nuclear industry waste product messed up laundered item,depleteduranium,anagram,depleted uranium,RADIOACTIVE,0
124589,Opening amber fluid OK,embrasure,anagram,embrasure,APERTURE,0
79759,Finally reduced map collection,atlas,anagram,atlas,ATLAS,1
114083,"Paul came clean: ""I'm to blame!""",meaculpa,anagram,meaculpa,PAULINE,0
56672,"Ebbing, a tide keeping down in California city",pasadena,anagram,pasadena,LOWTIDE,0
68330,March associated with detective stories set in Goa,ngaio,anagram,ngaio,MAYHE,0
36009,"Drink, when cold, can go the wrong way",cognac,anagram,cognac,LAGER,0
102202,"Here censors censor sex, as it turns out",sixteenacross,anagram,sixteen across,SENSORSHIP,0
73403,"Sport of Kings without one, possibly",skiing,anagram,skiing,RACING,0
114729,"Adjusting, freeing, or gathering sails",reefing,anagram,reefing,TRIMMING,0
30698,"Dressed in a suit, country-style",tunisia,anagram,tunisia,RUSTICS,0
110841,Starting point for Trans-Caspian trip?,saintpancras,anagram,saint pancras,ASTANA,0
32211,Carried on organising coup d'état but having to drop out,actedup,anagram,acted up,PUTON,0
95300,"Figure another code out, thought not entirely",octahedron,anagram,octahedron,DECIPHER,0
14461,Charles is upset when son leaves for girl,rachel,anagram,rachel,PRINCE,0
26778,Be a star performing in the picture,abreast,anagram,abreast,ACTRESS,0
77738,Manic ITV production about cure for scurvy,vitaminc,anagram,vitamin c,LIMEJUICE,0
80508,Radiation always sits around,sieverts,anagram,sieverts,IONISATE,0
46757,Flying alien contrives to secure a spell in the army?,nationalservice,anagram,national service,ENLISTED SPELL,0
88653,"Wild, wild raves and gigs on Ecstasy",aggressive,anagram,aggressive,MADNESSRAVES,0
140911,Mead brewed with American and European bean,edamame,anagram,edamame,MEADLIB,0
69777,Marry around end of July - it's damp,dewy,anagram,dewy,MIST,0
135096,"Haunts of the addicted, heartless men Oedipus ruined",opiumdens,anagram,opium dens,DENSAI,0
90344,A chorister's not involved in these arrangements,orchestrations,anagram,orchestrations,ORGANISATIONS,0
71730,Blimey! Is taken aback by fabulous bird,roc,anagram,roc,IBIS,0
103343,He needs religious ecstasy to fuel his whirling,dervish,anagram,dervish,DERVISH,1
135123,"In Texas Union, does fashion mean suits?",tuxedos,anagram,tuxedos,STYLEES,0
78153,Chairman tried to convert Greek ecclesiastic,archimandrite,anagram,archimandrite,METROPOLITAN,0
44061,Money gets chopped terrine always for a dog,goldenretriever,anagram,golden retriever,PEANUT BUTTER,0
95036,Glorious Revolution's backers back cult. It revolted,kitcatclub,anagram,kit cat club,THE ORANGE,0
112797,Help on the way (cases yet to be resolved),catseyes,anagram,catseyes,AIDINGYOU,0
32339,Senator organised act of betrayal,treason,anagram,treason,JUDASISE,0
20109,It is stirred into barbiturate in parts,sectional,anagram,sectional,MARTINIS,0
61016,It's inferior to the bean stew,beneath,anagram,beneath,FEARTER,0
74284,Contracting is an awful strain on a fellow,astringent,anagram,astringent,TIGHTROPE,0
7765,Hit lofted catches without strain,stricken,anagram,stricken,EASEFUL,0
135330,Fancy dealings with church look anything but straightforward?,sideglance,anagram,side glance,NAVE DEAL,0
29180,Turning up with competence on island,elba,anagram,elba,ABLE,0
24011,"Tommy's upset about piano, which must mean something",symptom,anagram,symptom,MEANING,0
138735,Punk is beaten up by fifty associates,linksup,anagram,links up,GOONS,0
15841,"You're hated, without love, tormented? Look back with regret",ruetheday,anagram,rue the day,YOU RUE IT,0
115274,A VIP sells assorted toiletries,lipsalves,anagram,lipsalves,AROMATHERAPIST,0
57763,To send for change is a Continental resort,ostend,anagram,ostend,SPASAT,0
19653,Aaron Copland's first composition involves one instrument,ocarina,anagram,ocarina,OPERA,0
112107,They inform people when fire dies out,edifiers,anagram,edifiers,FIREALERTS,0
8401,Badly translated old manual so eccentric,anomalous,anagram,anomalous,MANUALS,0
54782,"Best time in two years, given head surgery",heyday,anagram,heyday,PRIMED,0
39014,Elderly artist not quite making a comeback,aged,anagram,aged,OTTO,0
12966,"Server's trouble, unfortunately forgetting round",butler,anagram,butler,WAITER,0
55792,"Fancy rim is deep, which is not skin-deep",epidermis,anagram,epidermis,FANCIFUL,0
51219,Make cat sit still,static,anagram,static,CATSIT,0
140435,Aren't diesel trains made to last?,eternalised,anagram,eternalised,PERMANENT,0
44762,"Returning instrument, which was acquired illegally",loot,anagram,loot,STOLE,0
100011,"Where water speed records were set - not sonic, however",coniston,anagram,coniston,LAKESIDE,0
51462,Vanessa's involved with married lad,redadmiral,anagram,red admiral,RED HERRING,0
99620,Lab re-created a heart for a fish,albacore,anagram,albacore,SALMONID,0
102157,New Year tends to make us inactive,sedentary,anagram,sedentary,RESOLUTION,0
56069,"Brewer uses potatoes, filtering out oxygen and sulphur",teapot,anagram,teapot,MALTED,0
40895,"""Get up, Knight! The Queen!"" - and he does",riser,anagram,riser,ARISE,0
89104,A setback - very sad to get upset about it,adversity,anagram,adversity,REVERSAL,0
4039,"Flower eaten by flea, unusual jumper",fairisle,anagram,fair isle,IRIS SUIT,0
117458,Articles on a menu arranged by club,athenaeum,anagram,athenaeum,SALADBAR,0
93345,Mass of lymphatic tissue giving don ideas,adenoids,anagram,adenoids,TONSILS,0
120079,Scottish brewer sprayed one guy with last of beer,younger,anagram,younger,MCEWAN,0
46013,"Corporation boss revealed as radio neglecter, potentially bringing in revenue, primarily?",directorgeneral,anagram,director general,CHIEF EXEC,0
41125,"Unfortunately, Iris faced having skin punctured",scarified,anagram,scarified,ACARIAS,0
96991,Lion-tamer is an idle outcast,daniel,anagram,daniel,LIONIZE,0
88012,"Following orders, excellent to get up during illness",compliant,anagram,compliant,CONVALESC,0
1275,"We're young people, so let's dance madly",adolescents,anagram,adolescents,TEENAGERS,0
132495,Doctor begs nurse for classes,subgenres,anagram,subgenres,ENTREATS,0
140492,Stupidly goes by bad parts of round,bogeys,anagram,bogeys,FOOLISH,0
93575,Is Harpo Marx starting to make a witty sally,aphorism,anagram,aphorism,RIPOSTES,0
123820,Doctor regains gun primarily for applying lubricant,greasing,anagram,greasing,GREASEGUN,0
114038,Stops on this red with no gear changes,reedorgan,anagram,reed organ,IN GEAR,0
124009,Male's setback,tup,anagram,tup,HIS,0
101068,Addict vetoed dodgy ecstasy,devotee,anagram,devotee,JUNKIE,0
141675,More difficult in larger form,gnarlier,anagram,gnarlier,HARDERUP,0
87894,"Gifted holy converts, many times over",eightyfold,anagram,eightyfold,TALANTED,0
105963,Fruit seeds produced by Spiro Agnew (the last to be dropped for President),orangepips,anagram,orange pips,PIT SEEDS,0
121917,Corrupt umpire is immoral,impure,anagram,impure,UNFAIR,0
129122,"Bolt in trouble, turned up nursing broken toes at end of race",gotoseed,anagram,go to seed,US US RUN,0
57910,"A word like ""logo-mines"", perhaps?",neologism,anagram,neologism,HOMOPHONES,0
107907,Aliens go mad for fuel,gasoline,anagram,gasoline,PETROLAE,0
14479,Boring makers of laws,awls,anagram,awls,ACTS,0
36154,Bail is arranged for those with proofs of innocence,alibis,anagram,alibis,ALIBIS,1
64717,Flag email from criminal,oriflamme,anagram,oriflamme,SPAMMAIL,0
127608,Early birds found here at Cheshire mill,hatcheries,anagram,hatcheries,SILKMWORM,0
109304,Is he in the middle of nowhere at odds with creation?,anchorite,anagram,anchorite,NEITHER,0
35345,Weapons turned on quarry,stag,anagram,stag,ARMS,0
73651,They troubled Macmillan and Steven,events,anagram,events,MENACE,0
39311,Relish country's leader moving to the right,taste,anagram,taste,TASTE,1
82868,Spooner to cuddle vagrant? Nonsense!,humbug,anagram,humbug,RUBBISH,0
128659,Keeps breaking down in tears,retains,anagram,retains,SOBBING,0
98325,"Meet with disaster, provoking demon on cue",comeundone,anagram,come undone,MEET HORROR,0
131226,"Wife escaping winding of twister, as bricks falling?",tetris,anagram,tetris,WIFEOUT,0
53746,Chic lost as turning to bluestocking?,scholastic,anagram,scholastic,FEMINIST,0
86902,See a man struggling with a tentacled marine creature,seaanemone,anagram,sea anemone,SEA SNAKE,0
131114,Goes a long way with veg and soya mince,voyages,anagram,voyages,TRAVELS,0
47161,A beast in distress lowers,abates,anagram,abates,ANIMAL,0
53813,Do see to Mr Nasty's hard skin,osteoderm,anagram,osteoderm,CALLOUSES,0
66316,Need link to supply light,enkindle,anagram,enkindle,REQUIRES,0
9700,Poor diet''s effects on banker,depositor,anagram,depositor,MALNOURISH,0
30849,Criminal career kept failing after ceding power,racketeer,anagram,racketeer,RECIDIVIST,0
62588,Insignificant fellow spattered panda with dirt,dandiprat,anagram,dandiprat,INSIGNIFIC,0
11980,Start to bet when Bella's playing a game,baseball,anagram,baseball,BEGINNER,0
140786,Nature's forecasters use brains to obtain current research and development,rainbirds,anagram,rainbirds,METEOROLOG,0
12753,Greens worked to protect last of pristine deserts,reneges,anagram,reneges,ECOLOGY,0
108514,Changes of mind that could get bats run out,aboutturns,anagram,about turns,RUNOUT,0
28827,Break into the Iberian nosh-up,burgle,anagram,burgle,TAPAS,0
65127,Transport unfortunately isn't arriving ...,virgintrains,anagram,virgin trains,NOT IN TIME,0
15304,"Centrepiece Peregrine ordered, but not the right one",epergne,anagram,epergne,FALCON,0
70931,"Hoisting this, the builder strained a ventricle",cantilever,anagram,cantilever,SAILINGMAST,0
39617,Like it knocked back?,asti,anagram,asti,NEAT,0
118167,Plans to move aside,ideas,anagram,ideas,STEPS,0
2029,Don't travel through Armenia topless and drunk,remain,anagram,remain,SOBER,0
31162,On land with a wild horse,ashore,anagram,ashore,AGROUND,0
80651,Horses paid out scores,rhapsodies,anagram,rhapsodies,STALLIONS,0
98129,They may turn some into a ferment,emotions,anagram,emotions,YEASTS,0
41440,Point to unusual Roman invader of Britain,norman,anagram,norman,VIKING,0
106302,Controversially his (or her) IT crashed,their,anagram,their,HISPC,0
45672,Liar hangs out in idyllic location,shangrila,anagram,shangri la,PARADISE,0
60847,Floating vote again spoiled,evagation,anagram,evagation,RECASTED,0
7876,Quiet after Rhine trips? It's the wine!,rhenish,anagram,rhenish,RIESLING,0
41843,Blue rooms out east,morose,anagram,morose,BLUEROOMS,0
109637,City as wild as Jones,sanjose,anagram,san jose,MAD AS,0
120218,"Passing oxygen repeatedly in circulation, this more harmful?",poisongas,anagram,poison gas,MORE SO,0
11883,Stuffed with chopped dates,sated,anagram,sated,DATED,0
54805,Perhaps only seconds away from Arkansas capital,ankara,anagram,ankara,LITTLE,0
118436,Fido's legs struggling to get round old part of London,isleofdogs,anagram,isle of dogs,ISLE OF DOGS,1
71508,"Wonder about first engagement, if forced to make a second bequest",reendow,anagram,re endow,IF WILL,0
92830,Eat chips in a way that's not original,pastiche,anagram,pastiche,REHEATS,0
72165,"A red giant explodes, becoming a dark star, perhaps?",tragedian,anagram,tragedian,BLACKHOLE,0
121493,Painter only worked in colours,reynolds,anagram,reynolds,MONETARY,0
21714,Averse to one praying to cast off M&S clothing,anti,anagram,anti,ANTI,1
111926,Variation in phone call - it's not uniform,plainclothes,anagram,plain clothes,TONE DEAF,0
34122,He brought about a row - old cricketer,larwood,anagram,larwood,BRADMAN,0
1107,Machine operator gives up merrymaking,lever,anagram,lever,ELIOT,0
2129,I meant a change to liven things up,animate,anagram,animate,MEANTOA,0
75887,Shrub is in teapot that's cracked,poinsettia,anagram,poinsettia,BUSHTEAPOT,0
141808,"Suffering from cold, maybe curator has shivers",catarrhous,anagram,catarrhous,CURATORIAL,0
139461,Ruler to damn building that's avant-garde,ultramodern,anagram,ultramodern,ARCHITECT,0
45947,Pearl possibly a shade of white?,paler,anagram,paler,IVORY,0
101615,Let fire rip to be creative,fertile,anagram,fertile,INSPIRE,0
128640,Marketing method making unhaloed heads roll,hardsell,anagram,hard sell,AD MEN,0
133948,Relocated abroad and no longer in England,bangalored,anagram,bangalored,EMIGRANT,0
97022,"Done with magic, converted and marrying within the tribe",endogamic,anagram,endogamic,ENCHANTED,0
63087,Medication of pills taken with tea,pastille,anagram,pastille,MEDICATE,0
64060,Feet all clumsy? Look at this ad!,leaflet,anagram,leaflet,FLATFEET,0
7381,Asked about what might be required when leader's gone,queried,anagram,queried,INQUIRE,0
121268,Space traveller - about which I do more to unravel,meteoroid,anagram,meteoroid,ASTRONAUT,0
22570,Drunk comes to a state of incapacity,comatose,anagram,comatose,INEBRIATE,0
55199,Try an overdue reform,endeavour,anagram,endeavour,ATTEMPTS,0
80670,Octave's arranged for bird,avocet,anagram,avocet,OCTAVIO,0
56781,Wrongly surmise one's made a poor application,misuser,anagram,misuser,MISAPPLY,0
128794,"Our lingo is rustic, like Gray's mute Milton",inglorious,anagram,inglorious,VERNACULAR,0
128158,Oswald's unlucky formulation,sodslaw,anagram,sods law,BAD LUCK,0
133666,Inform sailor about dance,ballet,anagram,ballet,TELLTAO,0
116880,Politician's bill abandoned - about time!,liberal,anagram,liberal,ACTTIME,0
88292,Unfold next compilation when editor's out,extend,anagram,extend,OPENED,0
26581,Revive wren horribly pecked by eagle's beak,renew,anagram,renew,ERENEW,0
67543,"With reorganisation of station, be firm",obstinate,anagram,obstinate,RESTATES,0
24237,"Criticise cast not taking sides, essentially",asperse,anagram,asperse,OBJECTS,0
61223,Sea mail at sea with no exceptions,anomalies,anagram,anomalies,LETTERSAT,0
114953,"Better half's home cooking required flour, say",starofbethlehem,anagram,star of bethlehem,NEEDS FOOD,0
130838,Man confused brunette unendingly,bunter,anagram,bunter,HUSBAND,0
65404,"Refused it anyway, having had more than enough",surfeited,anagram,surfeited,DECLINED,0
71389,Begin a Zola novel? That's sweet,zabaglione,anagram,zabaglione,EMILEZOLA,0
120876,Travelling through time back to Jonah in poor whale,leviathan,anagram,leviathan,LEVIATHAN,1
50769,One decants mucky liquid,condensate,anagram,condensate,SEDTIMENT,0
98728,Airport complex round back of Dodge City,pretoria,anagram,pretoria,TERMINAL,0
44609,Able to figure nature out without me,numerate,anagram,numerate,ECOLOGIC,0
63892,Lesbia's translation lets herself down,abseils,anagram,abseils,CATULLUS,0
98527,"In love, the man here, sad with love going wrong",headoverheels,anagram,head over heels,IN THE RED,0
93746,"Pull back, having eaten badly out here?",teagarden,anagram,tea garden,REG RET,0
92555,Where list is meddled with once,erstwhile,anagram,erstwhile,TAMPERED,0
130615,"Maybe skinny dip English rejected, crime when swimming",epidermic,anagram,epidermic,NATATORIUM,0
44081,Second-hand cylinder could be repaired with it,indirectly,anagram,indirectly,PISTONRING,0
118741,Prophets of doom fabricated star's mail,alarmists,anagram,alarmists,CASSANDRA,0
115441,Shocker! Had another go at paper when upset,taser,anagram,taser,RETRY,0
60476,A singer can use the arrangement,chanteuse,anagram,chanteuse,VOCALISE,0
60417,Offers surplus one pound to be doled out - amazing!,fullofsurprises,anagram,full of surprises,SPARE A POUND,0
108010,It's argon? Neon? Neither taking on being reactive,inertgas,anagram,inert gas,NOT GAS,0
49895,"Pipe blown in cold loo, time to go finally",clarinet,anagram,clarinet,FLUTELO,0
1799,Royal corpse is resurrected by Brown,sienna,anagram,sienna,QUEENS,0
19663,Danish legend translated without assistance,singlehanded,anagram,single handed,HANS CHRISTIAN,0
40712,"Showing wilfulness, the gods ran amok",headstrong,anagram,headstrong,HEADSTRONG,1
115226,"Making more extensive disorder in gaol, note",elongation,anagram,elongation,EXPANDING,0
75394,Scrambled eggs endorsed and used in an emergency by the army,greengoddess,anagram,green goddess,SPAMFOOD,0
27667,Bless me! A strange get-together,assemble,anagram,assemble,BAPTISM,0
27570,Unusually stern Goths dropping round with gifts,strengths,anagram,strengths,ATYPICAL,0
10240,"Italian hothead upsetting Italian creator of inferno, blowing top",etna,anagram,etna,DANT,0
73901,"Like certain writing from Italy, prose that's fancy",epistolary,anagram,epistolary,PROSECCO,0
51729,Swap parts of steam baths in island capital,nassau,anagram,nassau,SAUNAS,0
64834,French dresser Tom Cruise ordered,costumier,anagram,costumier,COMMODE,0
101924,Flower - love it to bits,violet,anagram,violet,DAISIES,0
79667,"Man swimming in river, son reveals",unmasks,anagram,unmasks,NARCOS,0
3903,Nicest forms with right angle for design template,stencil,anagram,stencil,NICESTS,0
26423,Fire single sniper shot,inspire,anagram,inspire,IGNITES,0
85110,"Girl, a brat, chewing up the rock",gibraltar,anagram,gibraltar,LITHOGIRL,0
130807,"Seeing Troy destroyed by donating a gift, for example",generosity,anagram,generosity,WITNESSING,0
121589,Nut roast as cooked for high fliers,astronauts,anagram,astronauts,PATRONISE,0
7128,You need to ride craftily to manage a title,editor,anagram,editor,HANDLE,0
13933,Ambassador renegotiating trade's capital backing,headrest,anagram,headrest,ENVOYS,0
130054,"Tragically, one does get shot in bed",gonetoseed,anagram,gone to seed,IN COLD BLOOD,0
10064,Distanced by a date-line blunder,alienated,anagram,alienated,OUTDATED,0
98500,"To play, I set up soccer for those who dislike union",eurosceptics,anagram,eurosceptics,ANTISOCIAL,0
57757,A delay upset the celebration,gala,anagram,gala,HALT,0
111614,I accept order mistakenly and went to and fro,reciprocated,anagram,reciprocated,COMMUTATED,0
66528,Angrily press one for an answer,response,anagram,response,BADGER,0
63006,"Nouveau roman of wretched Levantine, going East for love",antinovel,anagram,antinovel,NEOLITHIC,0
133151,Arabs live all over the place - their values may change,variables,anagram,variables,NOMADICS,0
30594,Blue-eyed boys back-tracking a short distance,step,anagram,step,BOYS,0
15182,"Bring about change in green energy, in short",engineer,anagram,engineer,RECYCLE,0
87556,Hustle curious enquirer,sleuth,anagram,sleuth,CONMAN,0
132640,Returned rotten fish,dab,anagram,dab,EEL,0
124520,"Riding on rocks, kept in shape by pressure only",nonrigid,anagram,non rigid,ON THE,0
111697,Possibly take work in state capital,topeka,anagram,topeka,MAYBE,0
77638,Contests organised by general in one of his towns?,tourneys,anagram,tourneys,TOURNIES,0
61443,Whoever wrote this dog's dinner must be round the bend!,paul,anagram,paul,IDIO,0
21820,Situation where no race is fixed,scenario,anagram,scenario,STALEMATE,0
114263,"Jolly good to punch Hitler, hated terribly",lighthearted,anagram,light hearted,RIGHT ROAST,0
5215,Preparation of ricin isn't essential,intrinsic,anagram,intrinsic,NONESSENTIAL,0
92553,Welsh rite performed once upon a time,erstwhile,anagram,erstwhile,ONCEINABLUE,0
33774,"Having drunk tots, miscue and produce strain",settomusic,anagram,set to music,HAD TOO MUCH,0
17719,Alienate sergeant in mess,estrange,anagram,estrange,ISOLATED,0
81138,Cautiously progressing petition about the end of hunting,tiptoeing,anagram,tiptoeing,TACTFULLY,0
36325,Novel by incomer in its early stages,embryonic,anagram,embryonic,IMMIGRANT,0
69933,Shed covering mess of debris - nothing in it,disrobe,anagram,disrobe,SHEDDER,0
128198,Dowdiest sort of paper like this,twosided,anagram,two sided,DOWDYPAPER,0
29387,Does vanity put right unpleasant picture?,videonasty,anagram,video nasty,MIRROR,0
133041,Unlikely rich setter will be giving more,stretchier,anagram,stretchier,GENERATOR,0
36795,Creative traits make one?,artist,anagram,artist,ARTIST,1
10767,Ugly finish in untidy set is an eyesore,stye,anagram,stye,EYES,0
3676,Helping to make Gaia the New Age goddess,athene,anagram,athene,GAIAIS,0
113172,Uranium stored in a folding plastic like a mould,fungoidal,anagram,fungoidal,URNEALLY,0
36962,Diana could be a nymph,naiad,anagram,naiad,DRYAD,0
34900,Knowing all to be in most nice order,omniscient,anagram,omniscient,OMNIPOTENT,0
140516,Produce an abridged version of Chaucer - current volume retained,giveoff,anagram,give off,EDIT,0
134152,An option as he fell ill?,selfheal,anagram,self heal,AS IS,0
124489,Ginger beer tip: goes off when infiltrated by rain?,rogers,anagram,rogers,FLATS,0
99095,"A long time, but Christmas is almost over",eon,anagram,eon,EON,1
101169,Grievances concerning nice jobs to swap,objections,anagram,objections,COMPLAINTS,0
74691,Turn up the gas ring to cook it,sago,anagram,sago,TOAD,0
89603,"Wild lion scared no-one, certainly not him",androcles,anagram,androcles,LEONARDO,0
92977,Colin goes out East to see her,nicole,anagram,nicole,COLLEN,0
81484,Smiley's pleader a suspect? I'm not at liberty to say,mylipsaresealed,anagram,my lips are sealed,IN A NUTSHELL,0
52423,Supports about to be cut,snip,anagram,snip,PROP,0
49786,Ballerinas missing a dance somewhere in Snowdonia,llanberis,anagram,llanberis,SNOWDONIA,0
124126,"Beset by stormy sea, go to bed dark and brooding",saturnine,anagram,saturnine,MELANCHOLY,0
132716,"Barber's work, Adagio for Strings, by all conclusions suits Christmas concert initially, when jazzed up",scissorcut,anagram,scissor cut,BARBER'S,0
129825,Is a route across the Channel going north of a huge land mass?,eurasia,anagram,eurasia,ISLANDS,0
32761,Strange letter about to be removed from altered design,delta,anagram,delta,MODEL,0
8215,Girl I complain about,naomi,anagram,naomi,LASSI,0
79869,Wool used more in knitting,merino,anagram,merino,YARNS,0
121107,Viagra not working for pilot,navigator,anagram,navigator,IMPOTENT,0
141659,Moralising work of Corbyn is trashed with gusto,scoutingforboys,anagram,scouting for boys,SERMON ON MOUNT,0
63990,Tea's ready in mess for movable feast,easterday,anagram,easter day,MOVEABLE FEAST,0
92710,Moving point wounded nag internally,poignant,anagram,poignant,NOMADIC,0
32883,"Tears flow, missing English ruler",tsar,anagram,tsar,RUSE,0
78307,Amaryllis dresses badly without trendy husband,shepherdess,anagram,shepherdess,ALLIUMS,0
59406,Hercules? He's off to raise the dough,lucre,anagram,lucre,ATLAS,0
84848,A free spirit and active friend to the workers,apiarist,anagram,apiarist,ANARCH,0
62948,Thong gets privates in a twist,strap,anagram,strap,SANDAL,0
105601,Philosopher finds our complex about American waters,rousseau,anagram,rousseau,PLATOON,0
55218,Gear change takes energy: go along with that,agree,anagram,agree,SHIFT,0
67265,Actors playing the old leader,castro,anagram,castro,THESES,0
100830,Indeed upset when refused,denied,anagram,denied,YESMAN,0
60372,Bolster arranged on the bed at sea,lobster,anagram,lobster,MATTRESS,0
68958,"Routed, beat a retreat",abate,anagram,abate,FLEES,0
118326,Decorating it with pregnant bats,patterning,anagram,patterning,EMBELLISH,0
3912,Drink from the basin,absinthe,anagram,absinthe,LAPSEAT,0
56694,Did Sue and Dot dash off?,usedto,anagram,used to,ID DO,0
28225,Old Irish characters around Omagh,ogham,anagram,ogham,OGHAM,1
41676,Circus performer - a heretic or revolutionary,charioteer,anagram,charioteer,ACROBAT,0
88031,Medal distribution halted,lamed,anagram,lamed,AWARD,0
102164,"Luke sees Mary, perhaps, as one seldom given due welcome",asylumseeker,anagram,asylum seeker,HOLY GHOST,0
133865,Building under a site is more rickety,unsteadier,anagram,unsteadier,SHAKIER,0
8050,"Taline, a kinky girl",natalie,anagram,natalie,LATINAS,0
31400,"Even so, I'd resolved to take the plunge",nosedive,anagram,nose dive,ALL IN,0
5343,"Shaking rear in defiance, poisoner with toxic tail aggravated, as stinger",scorpion,anagram,scorpion,SCORPION,1
117892,"Sell iodine, perhaps, as a substance in paint",linseedoil,anagram,linseed oil,TRADE IN,0
36238,Having to guess when Enigmatist gets out of order!,estimating,anagram,estimating,PERPLEXED,0
78808,Local death of Ericsson broadcast,necrosis,anagram,necrosis,LOCALIZE,0
12678,Not-so-wise guy stupidly smug on air,ignoramus,anagram,ignoramus,SMARTALEC,0
70617,"Explain complicated clue, a right puzzler initially!",clearup,anagram,clear up,ELABORATE,0
131487,Philosopher's theory pagan slammed,pythagorean,anagram,pythagorean,PLATONISM,0
122146,A lone crab scuttles round by the sea in Spain,barcelona,anagram,barcelona,SOLITARIO,0
109808,Chimp loath to get hit about the eye,ophthalmic,anagram,ophthalmic,BRUISED,0
35190,Dine out on candy? A potential killer!,cyanide,anagram,cyanide,SWEETS,0
105732,Votes could be wrong ones,noes,anagram,noes,VETO,0
49043,Planes manufactured in Italy,naples,anagram,naples,FIATS,0
88322,Defer changing Sam's boss's name,frederick,anagram,frederick,POSTPONE,0
100901,The joys of shifting super ales,pleasures,anagram,pleasures,HAPPINESS,0
51174,"Once gay characters reform, there's reasonable treatment for women",gynaecological,anagram,gynaecological,FEMINISM,0
118093,Sea air won't upset poor community,shantytown,anagram,shanty town,SEASIDE RES,0
107421,Rewriting Roald Dahl's final piece for money,dollar,anagram,dollar,CASHIER,0
62770,Supply RNA to supplement form of bluish cleaner,nailbrush,anagram,nailbrush,NURTURED,0
42610,There's sustenance when I turn into bananas,nutrition,anagram,nutrition,IBISCUITS,0
49497,Rocco is troubled by wind,sirocco,anagram,sirocco,ROCKETS,0
81649,He wrote about Eliza Mole,emilezola,anagram,emile zola,GEORGE ORWELL,0
38839,Those last shall be first - that's moral significance,ethos,anagram,ethos,MORAL,0
46373,Writer wrote timeless moving lines,orwell,anagram,orwell,POETRY,0
64227,USA twice interfered with Libyan leader: nothing new there,asusual,anagram,as usual,NO NEWS,0
83786,Indians ain't much moved by old chief with muted war cry,iainduncansmith,anagram,iain duncan smith,INDIAN GIVERS,0
140189,Something funny in setting of gelatin,tagline,anagram,tag line,ASPIRIN,0
49809,Ah Harpo! Possibly one of the greats of yesteryear,pharaoh,anagram,pharaoh,MARXIST,0
131219,"Worker often seen wearing blue, red, green and russet, I suspect",registerednurse,anagram,registered nurse,LABOUR PARTY,0
15866,Colour that could be fancy but not loud,cyan,anagram,cyan,TEAL,0
92952,Is crack badly affected by movement of traffic?,carsick,anagram,car sick,IS IT,0
33356,Arrangement of Israeli composer,salieri,anagram,salieri,SCHONE,0
73991,A five-nil reverse that may be scrambled,ova,anagram,ova,NIL,0
64019,"Cook's vessel, one seen in rain, beam obscured",bainmarie,anagram,bain marie,STEAM KETTLE,0
52426,Bob's legs turned over,snip,anagram,snip,CALF,0
31506,"It makes pepper pot mine, anyhow",pimento,anagram,pimento,ADAPTER,0
82230,Perhaps men say he's a sycophant,yesman,anagram,yes man,YES MAN,1
115065,Ordinal in West to show bottom face up?,maninthemoon,anagram,man in the moon,ONE UP SIDE,0
42856,Battle erupting around vessel's deck,turntable,anagram,turntable,HATCHMENT,0
8506,Mixed aromas embellish love for full-bodied Spanish female,amorosa,anagram,amorosa,SENORAS,0
38934,"Tho' semi is falling apart, it's most cosy",homiest,anagram,homiest,COZIEST,0
48873,He wrote about a large weight,zola,anagram,zola,TONY,0
31677,Tabitha Twitchit to find home,habitat,anagram,habitat,TABITHA,0
30830,"The end of the month, perhaps, so spread it thither",thirtieth,anagram,thirtieth,BUTTERED,0
98383,"Confirm a try, if converted properly",ratify,anagram,ratify,VERIFY,0
122042,Spooner's alarm for a tart?,bakewell,anagram,bakewell,RHUBARB,0
51463,Good-looking six-footer foolishly married short lady,redadmiral,anagram,red admiral,TALL DARK,0
54988,See lambs going round in flocks together,assembles,anagram,assembles,PASTORAL,0
22176,Strip shown in scene and suspicious motive involved,dennisthemenace,anagram,dennis the menace,STRIP TEASE,0
139601,Pam ceded building and made off,decamped,anagram,decamped,ABSCONDED,0
127915,They make cold scalp hot in a blizzard,clothcaps,anagram,cloth caps,HAT RACKS,0
97656,I find reformed smoker irritating,irksome,anagram,irksome,INHALER,0
124575,"Grating cheese at first, add tins or nuts",discordant,anagram,discordant,PARMESANS,0
16340,Lizard again becoming animated around mid-January,iguana,anagram,iguana,ANIMUS,0
122500,Maximum awareness required when the H. Grail is exposed,highalert,anagram,high alert,HOLY GRAIL,0
110746,Marine upset a lunatic,nautical,anagram,nautical,MANIACS,0
138450,First two of irritating Pogues' wayward followers,groupies,anagram,groupies,OGREISHLY,0
7584,Here's hoping I spring a surprise,aspiring,anagram,aspiring,SURPRISE,0
128120,Two English animals on the loose in Pacific region,melanesia,anagram,melanesia,TASMANIANS,0
49068,"Picture gives an image, ultimately distorted",envisage,anagram,envisage,PORTRAITS,0
97821,Later organisation of workers' guild,artel,anagram,artel,UNION,0
119209,Probably time to tuck into sausage pie,ataguess,anagram,at a guess,IT'S A,0
88140,"King acted madly in theatre, executed patron",george,anagram,george,REGAL,0
60419,Spooner's allowed bird to escape,getloose,anagram,get loose,LET OUT,0
77667,Sugary affair heard to come back after being booed?,meringue,anagram,meringue,REVERSE,0
35307,This will locate drama school correctly,radar,anagram,radar,MAPS,0
38161,Predator about to move freely,flow,anagram,flow,LION,0
15200,Is a name recollectable? Not with this,amnesia,anagram,amnesia,ANONYM,0
37771,Romantic details I made up,idealist,anagram,idealist,FICTION,0
104378,Bird changes head from what could be its doom …,partridge,anagram,partridge,PERDITION,0
96465,Heinous confusion within a company,inhouse,anagram,in house,AN LLC,0
138323,Commends review of nurses taking temperature twice,entrusts,anagram,entrusts,PRAISES,0
110707,Some letters describe how to cook this dish,omelette,anagram,omelette,SPAGHETTI,0
23163,"Suave Bond - middle of sea, Craig's stripped off",debonair,anagram,debonair,DEBONAIR,1
36518,Note milk-curdler is overturned,tenner,anagram,tenner,CURDLE,0
90905,"Various emails, no clues",miscellaneous,anagram,miscellaneous,SPAMFILTER,0
43754,Read of sloppy hat,fedora,anagram,fedora,BERETTA,0
13619,"Page in ""Paradise Lost"" may go missing",disappear,anagram,disappear,BOOKMARK,0
108074,Scared badly by Lebanese features,cedars,anagram,cedars,BELEBAS,0
49324,Intricately veined salad plant,endive,anagram,endive,LETTUC,0
20728,"Using detailed examination, I can't allay worries",analytical,anagram,analytical,ANALYSING,0
10463,Wagner's Ring? No - not all hell let loose,lohengrin,anagram,lohengrin,WALPURGIS,0
79850,"Under counter, old drunken farts won sham argument",manofstraw,anagram,man of straw,ON THE,0
13109,"A Ford ""T"" car is renovated, showing motorist's skill",roadcraft,anagram,roadcraft,DRIVABILITY,0
21822,Situation as nice or nasty,scenario,anagram,scenario,POSITION,0
15742,Eye a fresh flower,aperture,anagram,aperture,DAISYELL,0
61043,Energetic sort has Monday off,dynamo,anagram,dynamo,DYNAMO,1
63487,Fund new loony Borders party,endow,anagram,endow,FUNDAS,0
104142,"Dozen chairs, one removed, dancing with playfulness",scherzando,anagram,scherzando,TWELVECHA,0
114264,Unusually lithe daughter leaving university in good spirits,lighthearted,anagram,light hearted,AGILETD,0
94656,"Labour would be after this on stage - it's ""New""!",gestation,anagram,gestation,OFFSTAGE,0
43646,"Christian code about being artificial, but seeming otherwise",android,anagram,android,SIMPLE,0
46910,Turned radio on electrician's last order,ordain,anagram,ordain,TUNED,0
8825,Bottom? Then second to bottom's exceptional,rare,anagram,rare,ARSE,0
141132,"Ten fools, cavorting with glee, lose all inhibitions",letoneselfgo,anagram,let oneself go,TEN MEN IN ABANDON,0
27665,Collect up jumble in efficient fashion,assemble,anagram,assemble,GATHER,0
34020,He has broken links with one foreign capital,helsinki,anagram,helsinki,EXHUSBAND,0
18314,star@alien set back by infectious disease,tetanus,anagram,tetanus,ASTEROID,0
94223,"For a break, urge ride round University, as required by custom",derigueur,anagram,de rigueur,AS IS,0
47375,Naughty ladies men dream of,ideals,anagram,ideals,SIRENS,0
45062,Rising bog round ground,oval,anagram,oval,MOOR,0
43561,Vulgar words recur with naval orders,vernacular,anagram,vernacular,OBSCENES,0
91398,"Horribly vain and aloof, but not successful",ofnoavail,anagram,of no avail,SO UP,0
105549,Maclean's turn to show restraint,manacles,anagram,manacles,MACLEAN,0
76108,"Sectarians from Ithaca, right? Wrong!",cathari,anagram,cathari,ILOTICS,0
21928,Softer sort of wood,forest,anagram,forest,BALSAS,0
80180,"Dear Sir, These could be what you've always wanted",heartsdesire,anagram,hearts desire,DREAM MEN,0
54065,TV company ran poster in Georgia,granada,anagram,granada,PEACOCK,0
114505,"It was Tio Pepe, nothing less, poured out here",wastepipe,anagram,waste pipe,TAPE IN,0
108849,"Initially inferior count: sceptical, sadly, about making a baby?",conceptualistic,anagram,conceptualistic,CONCEPTIVELY,0
129047,Old photographs and toys prefer recycling,ferrotypes,anagram,ferrotypes,ANTIQUELY,0
34182,He wrote about a tree,camus,anagram,camus,ENIDB,0
89592,"Stretched up, standing and unfolding",narrating,anagram,narrating,UNFURLED,0
85813,Throw out - time's up,emit,anagram,emit,EXPI,0
131618,Daub number plates (not first three letters) to confuse followers,beplaster,anagram,beplaster,MISLEADERS,0
88396,Fellow arranged ordinals around a balancing aid at sea,dorsalfin,anagram,dorsal fin,BUOY ANCY,0
110851,"I pitch a tent abroad without assent, initially causing bad blood",antipathetic,anagram,antipathetic,DISSIDENT,0
128284,Chopin piece of sole piano variation,polonaise,anagram,polonaise,NOCTURNES,0
45142,One takes so long making pictures,images,anagram,images,CAMERA,0
8092,Wordplay of a Socratic kind,acrostic,anagram,acrostic,DIALOGUE,0
141791,Unusually daring type of dressing,indrag,anagram,in drag,TO DARE,0
81143,Rose made arrangements to name date,emanated,anagram,emanated,NOMINATE,0
115902,Function of arsenic that's criminal,arcsine,anagram,arc sine,MURDER,0
11078,Explosive chap who must retire for the good of France,nobel,anagram,nobel,PETAR,0
69347,"Parking, I can set alarm",panic,anagram,panic,PARKIC,0
8880,Gentleman Bottom raised the remains of a wreck,debris,anagram,debris,DEBRIS,1
137669,Terrible Sun lie/fib can't be run together,infusible,anagram,infusible,SUNSCORCH,0
125248,Spread to excite gourmet and pal,promulgate,anagram,promulgate,BUTTERSPREAD,0
124833,Unpredictable podgy Eastern pariah,pyedog,anagram,pye dog,FAT CAT,0
72167,"Player, a giant with red dicky",tragedian,anagram,tragedian,ATHLETE,0
117251,Rents due to be rendered without relief,unrested,anagram,unrested,TENANTS,0
114128,"Coarse content of shoals, in more ways than one",oafish,anagram,oafish,FISHER,0
23355,"Vengeance of Greeks in mess, introduction of euro having failed",nemesis,anagram,nemesis,IXIONIC,0
102545,Ridges of gravel need new rakes and spades,eskars,anagram,eskars,ESCARPS,0
91781,Invest a loss from agreeable dealing after superior intervenes,beleaguer,anagram,beleaguer,INVESTOR,0
24481,This devil will shatter the simple hopes,mephistopheles,anagram,mephistopheles,MEPHISTOPHELES,1
109773,"Novelist gets near, bent on ...",annebronte,anagram,anne bronte,AUSTEN,0
117284,Small flier legate distributed,eaglet,anagram,eaglet,BEEFLY,0
36878,Top Portugal's tourist potential,outstrip,anagram,outstrip,ALGARVE,0
57555,"Risk breaking leg, needing to call in a doctor",gamble,anagram,gamble,FRACTURE,0
115842,Forecast to prince: Di is unstable,prediction,anagram,prediction,WEATHER,0
107706,Such people are extremely clever when exchanging points,smastset,anagram,smast set,SWAP SHOP,0
30625,Discover a canister at sea,ascertain,anagram,ascertain,FINDTUBE,0
68986,Paltry meals made with bread in Japan,measly,anagram,measly,BENTOS,0
98056,"Prosecuted about bad return, defiled",sullied,anagram,sullied,SULLIED,1
142290,"Unruly as punks, one finally arrested comes quietly",sneaksup,anagram,sneaks up,AS QUIET,0
101585,"The corral's shambolic, but from it comes such music",orchestral,anagram,orchestral,COUNTRY,0
117080,"Treat Peter to a Trial by Jury, say?",operetta,anagram,operetta,OPERATES,0
38265,Note: sheet to be changed when baby does this,teethes,anagram,teethes,WETTING,0
38990,Catches up with weapon,sten,anagram,sten,SPEAR,0
106345,Distress when train set gets damaged,straiten,anagram,straiten,TRAINSET,0
130619,Isolated ones left sardines at sea,islanders,anagram,islanders,HERMITCRAB,0
104698,Sully an overstuffed cow?,deflower,anagram,deflower,BESMIRCH,0
133984,Dreadful abuse hit regular attenders,habitues,anagram,habitues,ATTENDERS,0
131979,Courtesy of chief rival wounded close to Burgundy,chivalry,anagram,chivalry,COURTESY,0
138816,"Rose that needs cutting, heavens mother inspired!",whiskymac,anagram,whisky mac,PRUNING SHEARS,0
20269,Trumpeter amazing the panel,elephant,anagram,elephant,BUGLER,0
36805,"Initially without force, elevating King David, for example",artist,anagram,artist,PSALMIST,0
43697,Only women admitted into mobile phone event,phenomenon,anagram,phenomenon,FEMININE,0
60744,"Bridge, tailor-made for a canal",rialto,anagram,rialto,AQUEDS,0
84882,Spinning RR into a ball? Not perhaps with this!,antirollbar,anagram,anti roll bar,NOT A BALL,0
48349,What one's good cause seeks? Try gelt found in distribution,lotteryfunding,anagram,lottery funding,CHARITY BEGINS,0
1764,Manner of Israel's one-time neighbour rising,mode,anagram,mode,AMAN,0
89744,Came up with a diet change for the undernourished,emaciated,anagram,emaciated,CONCEIVED,0
89321,Sign to new Catholic claiming spiritual knowledge,gnostic,anagram,gnostic,GNOSTIC,1
137044,Piles of rubbish and rats scurrying by hospital in poor shape,trashheaps,anagram,trash heaps,TIP SAT,0
116855,"Use a cuff, eh? Mad, she drives me",chauffeuse,anagram,chauffeuse,HANDCUFFS,0
34879,Example of an insect blight,instance,anagram,instance,LOCUSTAE,0
135206,A bunch of pseuds of the art editor kind,softhearted,anagram,soft hearted,ART SODS,0
40220,Greek river with body of water rising,aesop,anagram,aesop,IONIA,0
10449,Must fix rider's wooden legs,stumps,anagram,stumps,STIRR,0
46044,Spooner's pet's entry to working-class symbol,flatcap,anagram,flat cap,CAT DOG,0
33352,I daren't exchange one car for another,tradein,anagram,trade in,I SWAP,0
22271,Club official sure in re art anyway,treasurer,anagram,treasurer,CURATOR,0
131268,Doctor paid a vet to be compliant,adaptive,anagram,adaptive,COMPLIANT,0
118912,Let no urban car be otherwise,carbonneutral,anagram,carbon neutral,LET NO CAR BE,0
135860,Reverse-engineered molecule that might bind some solutions here,and,anagram,and,ION,0
4,Number Three at sea,ether,anagram,ether,TERN,0
74321,Support for the devout in endless Euripides production,priedieu,anagram,prie dieu,ALTAR,0
121217,Announces several changes,reveals,anagram,reveals,DECLARE,0
123687,Its creed could be judicious,discreet,anagram,discreet,CHURCHES,0
40778,Church following the lunar cycle?,lutheran,anagram,lutheran,MOONIES,0
73305,"Tough, shrewd and practical hands rode range",hardnosed,anagram,hard nosed,HARD MEN,0
94963,Cutting of taxes by queen works out,exercises,anagram,exercises,REDUCTIONS,0
132116,"Barrow by rail, shortly to return",cart,anagram,cart,BRAE,0
25260,"Masses drifting away, slice of cake ultimately getting wasted",icefloes,anagram,ice floes,MAS TEA,0
117938,Keen to pirouette over good music,reggae,anagram,reggae,AROMA,0
42685,Begin a different way of life?,being,anagram,being,RENEW,0
3897,Means of reproduction for awkward clients,stencil,anagram,stencil,CLONES,0
111620,Crime scene? It's an adult shot to pieces,indecentassault,anagram,indecent assault,PHOTOGRAPH,0
42128,"Oriental sailor, a rogue changing sides",lascar,anagram,lascar,CHINAM,0
30910,"Not all the book, but about right",excerpt,anagram,excerpt,CHAPTER,0
11133,European Union bearing modified vegetable produce,aubergine,anagram,aubergine,EUROPEAN,0
10197,One who picks the winning ticket goes up for the prize,reward,anagram,reward,DRAWER,0
74378,Possibly see unit as part of another unit,ensuite,anagram,en suite,IS IN,0
70042,Send Giles revised stuff that's recently arisen,seedlings,anagram,seedlings,RESUBMIT,0
116001,Supply cable possibly halved,flexibly,anagram,flexibly,CABLETV,0
127727,Re-enter formation of earth,terrene,anagram,terrene,LANDFILL,0
66613,Doctor rescued flirt,seducer,anagram,seducer,MEDICAL,0
94986,One must be quick to do so,breathe,anagram,breathe,OUTRUN,0
53710,Irregular green semicircle turns up on top of table,deviant,anagram,deviant,BILLIARD,0
82235,"Naps killed cat, excited by amorous activity",slapandtickle,anagram,slap and tickle,"CAT NAP, ROMANTIC",0
85145,Little boy traps female into consent for promotion of photosynthesis,leafgreen,anagram,leaf green,"LADY, PHOTOS",0
108647,"Cute, if led astray, becoming two-faced",deceitful,anagram,deceitful,BICENTAL,0
122178,Exclusive brand meant dear product,tradename,anagram,trade name,DEAR BRAND,0
101254,"Doubtless, mistake offends client",selfconfident,anagram,self confident,"ERROR, CLIENT",0
128855,She possibly reports hand straying after American leaves for Italy,thirdperson,anagram,third person,"HER HAND, ABROAD",0
63558,"Timon, I say, is disposed to hate",animosity,anagram,animosity,MISANTHROPE,0
100348,Must a shine somehow indicate fire?,enthusiasm,anagram,enthusiasm,MUSTAFIRE,0
58963,Exasperated with Dave and ragtag ensemble,aggravated,anagram,aggravated,DISGUSTED,0
60374,Bloater's not a bad sea food item,lobster,anagram,lobster,HERRING,0
110353,Musical acrobatics could produce bad neck and ear,breakdance,anagram,break dance,BAD TASTE,0
68981,A main source of embryonic membrane,amnia,anagram,amnia,AMNION,0
63995,Fierce storm on the coast of Brazil,recife,anagram,recife,TEMPEST,0
62207,Musician's skill rescued tarnished gig,sightreading,anagram,sight reading,ARTISTIC,0
76568,"As arranged, I'm seated with second cup of coffee",demitasse,anagram,demitasse,ORDAINED,0
32620,Progressive brought new Communist order about,modern,anagram,modern,REDICAL,0
31384,Assigned task of putting clock back,remit,anagram,remit,WINDA,0
78888,This old boneshaker is a strangely loved piece,velocipede,anagram,velocipede,ANTIQUEBIKE,0
122697,"Shake up orange vigorously, carried by rocket",reorganise,anagram,reorganise,TORPEDOES,0
28956,Rushes round to see the Primate,rhesus,anagram,rhesus,ARCHBP,0
126904,Heard to put artic into reverse at some degree,baccalaureate,anagram,baccalaureate,UNDERGRADS,0
52581,A Bovril recipe that's revolutionary,bolivar,anagram,bolivar,STIRUP,0
26426,Do something different with cold celery,recycle,anagram,recycle,CHILLER,0
106194,I help with gigs - I adore travelling,roadie,anagram,roadie,ROADIE,1
59197,Nice men upset by bearing superiority,eminence,anagram,eminence,NICEGUYS,0
104574,Last nasty messy problem for adviser with computer,systemsanalyst,anagram,systems analyst,LAST RESORT,0
139444,Revised bible held by a theologian's all made up,adlibbed,anagram,ad libbed,NO FICTION,0
136819,"Faith being questioned in party heading for office, amid dubious claims",iconoclasm,anagram,iconoclasm,ELECTIONEER,0
48494,Not one anti-beer?,inebriate,anagram,inebriate,TEETOTAL,0
61107,Islam's enigmatic religious book,missal,anagram,missal,KORANS,0
120857,I don't mess with leaf stripper,defoliant,anagram,defoliant,IDONTMIND,0
119024,Dreamer in dunce's cap is teased,escapist,anagram,escapist,DAYDREAM,0
14524,"Put in post at suite, perhaps",situate,anagram,situate,ADDRESS,0
21801,Moving praise for the old country,persia,anagram,persia,ODYSSEY,0
84100,After analysis we had this Freudian impulse,deathwish,anagram,death wish,ID EGO,0
96200,Late actor has shifted tree to the left,sharif,anagram,sharif,OLIVER,0
107056,Trailer for Edward Lear's capital nonsense?,dawdler,anagram,dawdler,NONSLES,0
39343,Fibres working loose in underpants,briefs,anagram,briefs,THREAD,0
126766,"Paint can out, red is stirred",undercoat,anagram,undercoat,TITIANRED,0
90004,"A relation's ground, or grounds",rationale,anagram,rationale,COUSINS,0
131147,Bizarre muddle I clear up,peculiar,anagram,peculiar,UNTANGLED,0
61148,Drink leads to nasty reaction at university,cointreau,anagram,cointreau,INTOXICATION,0
6422,Verne's undisciplined banker,severn,anagram,severn,VERNER,0
98733,Lily's relative pole dancing with dash,asphodel,anagram,asphodel,GLADIOLI,0
37091,Casters may be working to find one,actress,anagram,actress,ROLLING,0
20166,"Standing still, but not against reform",stagnation,anagram,stagnation,STATIONARY,0
14400,Antique objects found in battered raincoat after the last King George,victoriana,anagram,victoriana,HEIRLOOMS,0
107057,Waddle about with right loafer,dawdler,anagram,dawdler,PENGUIN,0
70056,Where tramlines turn around,terminals,anagram,terminals,TERMINUS,0
18145,Manger apt to be shown transformed by star,pentagram,anagram,pentagram,CRATCHIT,0
91581,"Catching cousin with goat, disturbed",contagious,anagram,contagious,CAPRICES,0
60113,They're assumed to raise sail in rough sea,aliases,anagram,aliases,CREWS,0
67017,Stuff that's left out,felt,anagram,felt,REST,0
135725,"Puny chap burying head, awfully miserable",unhappy,anagram,unhappy,WRETCH,0
27872,Slave-owner's turned to tea producer,assam,anagram,assam,PLANT,0
92011,"Missing date, shambolic developers come round too late",oversleep,anagram,oversleep,BELATED,0
37390,"Put half a grand on dodgy palomino ""No-No"" after studying this document?",diploma,anagram,diploma,PAPERS,0
42683,Oval cone not completely reshaped?,volcano,anagram,volcano,ELLIPSE,0
109448,"Attacked after broadcast, alas, is duke out of the country?",assailed,anagram,assailed,ABROAD,0
8743,What could be finer to conclude?,infer,anagram,infer,FINER,0
26772,Ecus under negotiation with no strings attached,unsecured,anagram,unsecured,TARIFFS,0
139924,"Extinct arthropods, one preserved in lobster, it could be?",trilobites,anagram,trilobites,TRILOBITE,0
33944,Astute misrepresentation of the figure,statue,anagram,statue,FIGURE,0
91895,Current producer of coral involved in retail,solarcell,anagram,solar cell,CORALREEF,0
114542,As an artist I reenact my career,traceyemin,anagram,tracey emin,HISTORY,0
35336,Guns are raised in this game,stag,anagram,stag,POKER,0
14771,Extraction possibly due to Bond?,educement,anagram,educement,EXCTION,0
19356,Southeastern rail trips by one from another country,israeli,anagram,israeli,TOURS,0
91812,Mad hatter drinking limitless tea in operational part of hospital,theatre,anagram,theatre,WARDROBE,0
98167,Technique pioneered by Disney into a main production,animation,anagram,animation,MULTIPLEX,0
87221,Examiner is in wrong street,tester,anagram,tester,PROBER,0
141655,"In charge in any pub, moving stock up frantically",panicbuy,anagram,panic buy,LAND LORD,0
28916,Distressed emu ill on floor-covering,linoleum,anagram,linoleum,MATTRESS,0
133164,Hot meal enlivened with a drop of neat alcohol,methanol,anagram,methanol,ROASTBEEF,0
93259,"Rose may be single, desperately seeking husband",english,anagram,english,SPINSTER,0
22767,"Wild flower with tag, ""Light of Evening""?",afterglow,anagram,afterglow,EVENINGPRIMROSE,0
138908,"Tip of rhubarb? No, I crave tripe!",carnivore,anagram,carnivore,RHODODENDRON,0
49163,In which real duty is abandoned!,adultery,anagram,adultery,DERELICT,0
47840,"""Morning"" from Grieg: ten pieces",greeting,anagram,greeting,NOCTURNES,0
