Index,Clue,Solution,gemma_predicted,Spaced_Solution
77103,"In Germany, thin girls can eat this!",anything,container,anything
42357,Coarse-sounding son's in the wilderness,dessert,container,dessert
1059,The fellow apprehending one felon,thief,container,thief
21744,Last year's leaders entertained by regular journalist,evelyn,container,evelyn
3077,Butcher breaks bent pan,skillet,container,skillet
39603,Bend down to king in Chesterfield,crouch,container,crouch
116403,"In the chair, restraining Democrat under influence of drugs",sedated,container,sedated
139673,Pays for food after treasurer cleared out,treats,container,treats
8288,Feel sorry when soldiers get to guard Roundhead,regret,container,regret
30362,Temporary work welcomed by young boxer?,popup,container,pop up
124142,Country girl briefly eating duck,laos,container,laos
25715,Noble's wayward cousin hugged by retired transvestite,viscount,container,viscount
132156,Range of dumps accommodating virile blokes by day,themendips,container,the mendips
46777,Country song about American getting back from Detroit,austria,container,austria
56548,Fooled by absorbing Resistance story,hardtimes,container,hard times
107238,Bar containing drop of liquid comfort,salve,container,salve
63341,Heartlessness and senselessness about olfactory offensiveness,inhumanity,container,inhumanity
139462,"Began turning up carrying cargo, initially of spoils",detracts,container,detracts
43900,Identifying pattern that's bound to squash one irritant,signature,container,signature
17405,Vivacity normal in retreating deer,sparkle,container,sparkle
89801,Hood hardly ever appears over nothing,scarface,container,scarface
114209,"Discreet, caught in bad fault",tactful,container,tactful
115851,Struggle across line to finish,complete,container,complete
37022,Wrinkles between features in a premature state,earliness,container,earliness
101215,Come down to earth about p-payment for a sweet,toffeeapple,container,toffee apple
13238,Motorists seen in distance - it's inexplicable,miracle,container,miracle
26545,I mostly remain in agreement in believing in God,deistical,container,deistical
112205,Displace journalist that has complaint about energy,edgeout,container,edge out
4871,Charming and delicate female seen in reflection of river,elfin,container,elfin
54355,"Writer, a good man, seen inside foreign restaurant",bistro,container,bistro
549,Pain beginning to hurt in one,ache,container,ache
100634,Poem about mountains given top grade -- sparkling stuff,orangeade,container,orangeade
131081,"In a maddening way, shrewd Brown standing inside",frustratingly,container,frustratingly
31731,"Wild duck swallows English dram, if dry",teetotal,container,teetotal
39851,He fails to show up the defect in the return pipe,defaulter,container,defaulter
91842,Spending allowance to be cut in move,budge,container,budge
90127,Giving medical treatment to stray pet held,dosing,container,dosing
43685,Player with no time for a bet,fluter,container,fluter
134058,Harry and Henry nabbed by someone not in uniform,chivvy,container,chivvy
120426,Prime made out to include another,seven,container,seven
44396,No time for Mister Scrooge,miser,container,miser
85944,Biblical dupe keeping bridge players up with sense of foreboding,unease,container,unease
102268,Strangler with soldiers going around in band,garroter,container,garroter
138620,Manual actions in service taking a long time,massages,container,massages
26494,"European composer, in recital, has things to do",checklist,container,checklist
81195,"Flash not very bright, introducing copper for a bit",modicum,container,modicum
141319,Radioactive element in preservative for good health,salut,container,salut
14311,Plant with a sting stuck in the chimney,laburnum,container,laburnum
36078,"Soldier's gear, which stays at home",tinhat,container,tin hat
119078,"Time off, stuff punctuated by irregular pay",gapyear,container,gap year
93033,Record claiming uranium is brownish-grey,taupe,container,taupe
88134,Wolf circling eastern Galloway?,george,container,george
58772,"Hundreds pocketed by accountants, the rotters!",cads,container,cads
87361,Heartless Shakespeare heroine keeping beret for a head,percapita,container,per capita
116622,Ruled measure government introduced must be reversed,reigned,container,reigned
21476,"Engaged, that's the outcome about me and a girl",enmeshed,container,enmeshed
128290,Tough solidity for road transport crossing a bit of rail track,burliness,container,burliness
31476,Artist in car skirting ancient city,seurat,container,seurat
36592,Male child consumes duck quickly,soon,container,soon
83799,Vehicles boy goes in are always late,cadavers,container,cadavers
28350,Best food Mike's brother found in the continent,ambrosia,container,ambrosia
37285,Like supporter at home holding a kind of sign inside boundary,infavour,container,in favour
29221,"Poet's dawn air ""threaded with gold""",aurora,container,aurora
100999,Dessert like jelly seen around the globe,sorbet,container,sorbet
198,Fend off leader of pirates in film,repel,container,repel
38797,English general accepts tax raise,elevate,container,elevate
77301,Gets the dog and looks around,secures,container,secures
135945,Tubes bringing a form of medication to stop decay,capillaries,container,capillaries
111629,Criminals returning so as to be split in opposing,cosanostra,container,cosa nostra
7600,Left holding baby after this,labour,container,labour
10326,Lousiest material editor's chucked out,worst,container,worst
105900,Not a street where things happen,venue,container,venue
118322,"Cajole alien, within reason",getround,container,get round
14203,Cleaner copies including past papers,coldcream,container,cold cream
74224,Worry about horse slaughter,carnage,container,carnage
54062,Signified by inserting negative in Act,denoted,container,denoted
28030,"Doctor, one breaking smart fellow's chemistry apparatus",alembic,container,alembic
22581,Water drowned second biblical brother,esau,container,esau
22983,Surgeon given sixpence outside the theatre,trepanner,container,trepanner
121769,Yellow streak will put celebrity status out of order in time,dastardy,container,dastardy
49010,Relative gives away article free,untie,container,untie
93780,"Bill wears Sikh wedding rings, hard in a Muslim land",bangladesh,container,bangladesh
573,"Faithful, but getting new man into bed",constant,container,constant
10902,Cheap accommodation always in part of journey,steerage,container,steerage
63379,Fish seems to be right in the light,bream,container,bream
108160,"Inexpert folk, handicapped, retaining unknown name",laymen,container,laymen
111080,Noise inside gear when travelling,riding,container,riding
7301,Angry outburst from one stuck in traffic,tirade,container,tirade
130849,Inadequate lavatory in filthy place,scanty,container,scanty
15464,Girl turned over one in the grass,sisal,container,sisal
23145,Sharp taste rolled around centre of mouth,astute,container,astute
114103,Book Nine in academic citation,donquixote,container,don quixote
50323,Peg will see about soldier getting back,spigot,container,spigot
127587,"In running for cover, lesbian freely admits ""game up""",insurable,container,insurable
134593,Cold island imports temperature,stark,container,stark
31228,Directions are in the mail for making a warming winter drink,posset,container,posset
21423,Beast about to catch girl - not fair!,brunette,container,brunette
9774,Kangaroo eating large loaf,bloomer,container,bloomer
70974,Humble cleric taking me to heart,demean,container,demean
67206,Bird is injected with thiamine,ibis,container,ibis
62043,"Note circling reptile is a threat, in the main",uboat,container,u boat
71737,English naval officer is about to impress,commandeer,container,commandeer
105218,Directions limiting poet producing epic verse,epopee,container,epopee
95116,Primate admitting self-elevation is the highest point,apogee,container,apogee
137457,"Poor Billy, regularly infested with moth",beggarly,container,beggarly
119800,A spinner's short period in work,gyro,container,gyro
46277,They do up house: home counties housing spikes,shoelaces,container,shoelaces
1792,"Plane perhaps hijacked by buccaneer, turning back",tree,container,tree
111215,Parson first in seat to see what's coming,preview,container,preview
76959,Nothing less holds nothing threatening,ominous,container,ominous
127854,Former partners keep pamphlet of selected passages,extracts,container,extracts
104569,Prepared to pass through study,readied,container,readied
55717,Make annoyed and angry about unfinished ceremony,irritate,container,irritate
81603,Unfeeling male absorbed in the nitty-gritty,numb,container,numb
73538,Smack around side of face: buzz off!,clearout,container,clear out
54350,Writer goes round stone consumer's place,bistro,container,bistro
107398,Force occupants of central Venice to be displaced by macho types,vehemence,container,vehemence
46677,Screw going round prison in fear,panicky,container,panicky
16962,"Most insignificant little bird circling European river, endlessly rising",tiniest,container,tiniest
54089,"Going round by word of mouth, part gets assimilated",orbital,container,orbital
116756,Upending Brad in a barrel is courageous,valiant,container,valiant
121689,A king given independence in new surroundings is a bit odd,freakish,container,freakish
24565,Hear about a new type of pen without getting excited,tranquilly,container,tranquilly
119271,Meat Hazard placed in trap,griskin,container,griskin
109281,Drive around in carriage with zeal,fervidly,container,fervidly
63155,"Perishes, without help, from illness",diabetes,container,diabetes
57658,"Sign of something wrong with performance? See about that, just!",exactly,container,exactly
22728,"Checked in, in a rush",reined,container,reined
127164,Time in replicated environment provides excitement,stimulation,container,stimulation
71619,One caught by the actual crime,thievery,container,thievery
13974,It was created with latitude in the scriptures,world,container,world
61074,Happen to see bird nesting as resident,occupier,container,occupier
95092,"Having ensnared male, sexy cuddles on the agenda",scheduled,container,scheduled
63169,Attractive catch in illusionism,magnetic,container,magnetic
46189,Philosopher passing through American Customs,usages,container,usages
84221,"Bottle company prompt, coming about midday",courage,container,courage
81856,Poster plugging good show is boasting,bravado,container,bravado
111133,Fruit getting stuffed with date and walnut toppings for tellers of tales,oldwives,container,old wives
50977,In favour of accepting a pound in coin,florin,container,florin
123823,Rejects chipped plate with pasty in it,disallows,container,disallows
76829,Stays if made content,satisfy,container,satisfy
5641,"Winds about, missing the German ways",means,container,means
79354,"Female in a feeble way in sultan's place, in need",womanish,container,womanish
29728,"Poem, say, inscribed in cathedral",elegy,container,elegy
117222,Monsters out of hospital go to fatherland,wales,container,wales
57663,Go through childhood with small gang of people around,growup,container,grow up
110364,"Something online for minors, I say, drinking liquor",choochoo,container,choo choo
113959,"Essay penned by school square, a killer",strychnine,container,strychnine
104392,"Vicious in a swarm, moreover",besides,container,besides
52548,One accepts student as dim,unlit,container,unlit
133404,Cherish men forgoing male hour during function,enshrine,container,enshrine
71078,Nothing can interrupt drink and drug,aloe,container,aloe
87795,Tonic for yuppie flu found in truck,pickmeup,container,pick me up
16759,Letter from Greece about favoured animals,rhino,container,rhino
66546,Rubbish government consumed by nastiness,bilge,container,bilge
89334,Caught amid whimsical manoeuvre,jockey,container,jockey
14131,Suitable belief accepted by primate,apposite,container,apposite
21851,Pick boundaries for lake district environs,selection,container,selection
138255,"Like English chaps in financial difficulty, in shame",debasement,container,debasement
52453,Understand about opening heart in solemn procession,cortege,container,cortege
71966,"Drive first person boarding cleaner, low-level transport",pushchair,container,pushchair
34960,Guarantee securing a boy for a limited period,seasonal,container,seasonal
118295,Thinks the current recession splits friends,meditates,container,meditates
65352,Aim to skirt centre of Manchester after all,intheend,container,in the end
101378,Wrongdoing concealed by angry criminal where lawyers abound,graysinn,container,grays inn
74120,A province with street harbouring cunning freedom fighter?,anarchist,container,anarchist
139585,Japanese game is uplifting when astride pig,shogi,container,shogi
7090,"Miserable miss, on reflection, breaking engagement",desolate,container,desolate
63262,Helpful having fluorine in the water,ofuse,container,of use
134039,"Agreed it's forged, detectives admitted",coincided,container,coincided
7060,"Shown the way in, as well, in Spain",toledo,container,toledo
103054,United Nations upholding a role for American statesman,utahan,container,utahan
99308,Tiny distance covered by which bird?,whinchat,container,whinchat
135048,Guts shown by couple turning and smothering last of fire,duodena,container,duodena
7355,London university splitting noble gas particle,nucleon,container,nucleon
139050,Not at home during quiet quarter,south,container,south
50399,Wait under a second with the eyes of an optimist,starry,container,starry
66633,A painful condition oppresses one rodent,agouti,container,agouti
43447,Point to a hundred in stock that's prolific,fecund,container,fecund
7916,Ignore alarm bells echoing in error,sleepin,container,sleep in
61682,American thug pinches Nintendo console for child,godson,container,godson
8033,Plain tart takes in Romeo's look,prairie,container,prairie
75425,"Reached high to marry, taking in royalty",towered,container,towered
54837,"Doctor having admitted crime, it's curtains for him!",draper,container,draper
62087,Animosity about responsibilities is concerning rogues,picaresque,container,picaresque
85318,Crowds turning up for play about love,troops,container,troops
114810,Relative beings from an edge of space bounded by locators,sisters,container,sisters
128642,"Emits gas skyward, securing incomplete image of sports icon",steffigraf,container,steffi graf
12734,"Panic, being about a hundred short",scarce,container,scarce
69809,Teach development in the glen,enlighten,container,enlighten
79037,Can active culture protect against disease?,vaccinate,container,vaccinate
87103,Convict surrounded by a stack of booty,pillage,container,pillage
103666,Lots of storage needed when Ms Roslin moves into French accommodation,gigabytes,container,gigabytes
21701,Book in first-class accommodation for one in opposition,anti,container,anti
27085,Very pretty is Peg when carrying little weight,twee,container,twee
22962,The Castilian comes into part of the story,relation,container,relation
74518,Soldiers authorised to appropriate a vehicle - and appropriate's the word for it!,relevant,container,relevant
84417,Sound of crew receiving nowt?,moan,container,moan
85266,Model is bashful grabbing a pee,copy,container,copy
123776,Steal work left during work period,shoplift,container,shoplift
57601,Animal makes nest in rubbish,rodent,container,rodent
54707,Cover for beast that eats cooked hams,yashmak,container,yashmak
27169,Make certain of result by capturing rook,ensure,container,ensure
91518,Bridge player takes smack that's most pure,whitest,container,whitest
112618,Allen losing everything in Sin City,venice,container,venice
55582,Diligent couple welcoming Lawrence to the States,duteous,container,duteous
76166,Prejudice exists to break up a masterpiece,ageism,container,ageism
65112,Death of parent touring Peru,reaper,container,reaper
40949,Shade round bottom of willow tree,rowan,container,rowan
120945,Conflict taking month to heat up,warm,container,warm
17095,Place where no one tense is put up,situation,container,situation
43581,"Cry from wolf, perhaps, breaking gate",entreaty,container,entreaty
104171,Poet's written about return of Irish hooligan,larrikin,container,larrikin
70663,I wave - interrupting myself with skill - to show no chance of leaks,impermeability,container,impermeability
117563,Primate includes a bishop in blessing,baboon,container,baboon
33680,Agent without sleep is irritable,snappy,container,snappy
35458,Endless Soviet labour camp fenced by stake with spikes,angulate,container,angulate
16319,Islander gutted coastal town,briton,container,briton
81877,"Journos, gathering in loose ends, raise them in anger",hackles,container,hackles
13481,Abuse found in rapid dispensing of drugs,pharmacy,container,pharmacy
13035,Bound to put small amount in hat,limited,container,limited
45571,Laments about flowers for virtuous statues,plastersaints,container,plaster saints
3200,A foot of water in the diocese,spondee,container,spondee
60472,Councillor that is protecting main character in Miami Vice,crime,container,crime
49189,Girl came in to study the weapon,cannon,container,cannon
55307,Sadness in love in some ways,pathos,container,pathos
70427,Fatherly friend swallows a tear,parental,container,parental
15239,It's carried on a sleigh (wherein is a joke),luggage,container,luggage
17091,Upset about head of family one's butted?,rifle,container,rifle
92006,Company importing wine is manageable,plastic,container,plastic
5752,"Most respected member, female poet entertaining you",doyenne,container,doyenne
65442,It's pinned to hold in fabric,grenadine,container,grenadine
141335,"Create difference, namely in refereeing scandal?",variegate,container,variegate
139094,"Rich man making appeal for help, having hoarded gold",soros,container,soros
57065,UN quits panel sitting in judgment of a group,tribal,container,tribal
12537,Make allowances when catching the tube,catheter,container,catheter
58833,"In the stretch between wings, a sole player",thespian,container,thespian
121204,"Universal fighter in imaginative work, Asia's missing pest controller",fumigant,container,fumigant
33279,Captain is first into bed,pilot,container,pilot
90495,"They're here, being inexperienced in the ATS",attenders,container,attenders
71891,"Father in pain, but brave",apache,container,apache
44521,"Cut inside out, including first chapter",incised,container,incised
12896,Adult taken in by party game,snap,container,snap
83720,Dancer to see in uniform,salome,container,salome
13482,Drug provider causing fast internal damage,pharmacy,container,pharmacy
34947,Meal inside the German hotel,dinner,container,dinner
3354,English associate adopts an issue,emanate,container,emanate
137986,Be inclined to keep work of the highest quality,topend,container,top end
102660,Politician with burst ulcer getting out of crush,crumple,container,crumple
20350,Space to include afterthought on one line over letter,epsilon,container,epsilon
103019,Smirked before getting taken outside,leered,container,leered
139048,Desolate portrait painter holds on,lonely,container,lonely
140509,Foxy Liberal secured for Strictly,slavishly,container,slavishly
67897,Lied about a king's garment,sarong,container,sarong
109040,"Conceals in hand, holding second book of verses",psalms,container,psalms
109953,"Foot I test out, trapping two balls?",tootsie,container,tootsie
82109,Came across a can containing nothing in the bottom,foundation,container,foundation
109800,Chief designer admitting resistance to shock treatment …,director,container,director
124475,Decisive defeat with terrorist group at first in poor spirits,rotgut,container,rotgut
14785,Article about soldier's figure,three,container,three
77439,Gubbins the church brought in for limiting population,contraception,container,contraception
82772,Explosive individual in explosive situation off the coast,thesolent,container,the solent
42374,Excited about nothing? That's a laugh!,hoot,container,hoot
44670,Meeting of opponents in choice setting,plenum,container,plenum
82599,Merseyside Blues become green in time,everton,container,everton
61990,Girl taken in by scholar's miraculous food,manna,container,manna
122645,Nordic person catches an extra fish,finnan,container,finnan
115979,Prospector keeps sick retailer,milliner,container,milliner
71111,It's cunning to carry a weapon with a loud noise,stridently,container,stridently
47608,Informer keeps president absorbed,rapt,container,rapt
41044,Sound made by soldier entering hostelry,logical,container,logical
39386,Makes financial provision on getting bad news about party,endows,container,endows
32773,Settled group covered in embarrassment,resided,container,resided
52696,Discover ruffian keeps right in front of the fire,hearthrug,container,hearthrug
58680,Home established in primitive setting with determination,earnestly,container,earnestly
55455,Tame animal - it is eaten by wild one wanting food,appetite,container,appetite
24542,"Flower, European, containing odd bits of blue receding",danube,container,danube
115372,Obscene play - interrupt endlessly,prurient,container,prurient
1134,Worker accepted Lawrence before becoming a fan,adherent,container,adherent
72813,Butcher eating right seafood,krill,container,krill
66417,Put down action restricting newspapers,depressed,container,depressed
57932,One in a row put in dries out,disputer,container,disputer
51436,Richard about to drop a brick from crane,derrick,container,derrick
135242,Many a servant wants to hold you back,lackeys,container,lackeys
115225,Fuss about drink - situation causing disapproval?,arumdo,container,a rum do
58079,Jocularly feared? Jocularly killed's about right,dreaded,container,dreaded
130032,Bean you are told to put in liqueur,curacao,container,curacao
118835,"Presiding officer, a Marxist, driven round in car",moderator,container,moderator
138930,"Plucks out, at last, name amongst sporting partners",twangs,container,twangs
114302,Country put in a word of thanks for foreign capital,tirana,container,tirana
100749,Roman leader's watching out for Roman poet,virgil,container,virgil
61652,Ring road goes round a kiln,oast,container,oast
125182,Be involved with a lot of time put into unfinished machine,engagein,container,engage in
103977,Journalists in house taken up as recruits for the navy,impresses,container,impresses
95274,Jailed Liberal group?,clan,container,clan
5601,Maintain penniless specialist,exert,container,exert
73737,Setter withdraws; Berber remains,embers,container,embers
120101,Waterside bird going unsteadily around end of pond,reedling,container,reedling
62128,Saving firm beset by money trouble,economy,container,economy
137279,Revered former editor pinching a large journalist's bottom,exalted,container,exalted
103517,Shanty about popular salt?,seasoning,container,seasoning
12739,Having clear head in panic is unusual,scarce,container,scarce
86561,"Liberated, topless and hot, embraced by one who pulls hippie type",treehugger,container,tree hugger
108483,Reserves have to practise during breaks,restraints,container,restraints
112949,French university in German city's resentful about it,sorbonne,container,sorbonne
30914,Passage taken from book unless grabbing reader at the start,excerpt,container,excerpt
92929,Elizabeth I's favourite beer in curtailed privilege,raleigh,container,raleigh
137810,Shifty of you French to pinch Naomi's bottom,devious,container,devious
8523,I keep a number of lawyers from Prohibition,embargo,container,embargo
38626,"Round, with brains in colour, not straight",oblique,container,oblique
5428,Finished in a state between Scylla and Charybdis?,endangered,container,endangered
78155,Something fishy leads to warning about air trip,caviare,container,caviare
112584,Offered and was inclined to embrace soldier,tendered,container,tendered
105988,Unaware of nice mess in egg container,nescient,container,nescient
124311,Men taking the bait and ringing,orbiting,container,orbiting
43804,"It's a capital living, admits one leading jockey",beijing,container,beijing
28437,A case of silence stifling passion,sheath,container,sheath
96141,A measure adopted by prince of the blood,haemal,container,haemal
84685,"George Orwell and Colette finally breaking even, which produces a high note",flageolet,container,flageolet
140446,African people go off into depot,barotse,container,barotse
74584,Diva cries about article,callas,container,callas
29525,Fellows entering into a welcome correspondence,agreement,container,agreement
135527,Gardner is hugged by admirer in plant,favabean,container,fava bean
129908,Therapist of the nose? Pay attention to include wise report about that,psychoanalyst,container,psychoanalyst
37465,What's gloomy about me - I can't concentrate,dreamer,container,dreamer
135701,Leaked info set back work during disputes,tipoffs,container,tip offs
45234,Draw sleek creature in lovely shell,lottery,container,lottery
128742,A radio personality in a hairstyle that's a mess,abadjob,container,a bad job
26632,"Bishop drinking whiskey with solver, unemotional",dryeyed,container,dry eyed
22563,Greek captured by wanton scoundrel,rogue,container,rogue
54349,Way out writer in French restaurant,bistro,container,bistro
72395,"Sage, I'm sorry to say, comes back around six",salvia,container,salvia
99858,Column of Dutch sheep?,newel,container,newel
67831,Reel drunkenly in game lacking spirit,cheerless,container,cheerless
24369,Experts attempt to incorporate new blood,ancestry,container,ancestry
84007,Refusal to include pollarded tree in mock sea battle,naumachy,container,naumachy
72899,"Look in the bin, to wit, to get one's own back",scavenge,container,scavenge
4624,Roundhead boarding weary compiler's boat,trireme,container,trireme
68820,"Descartes seen outside clinic, half-shattered, needing rest",recline,container,recline
29936,Communist receives a caution over Socialist fortune-tellers,tarotcards,container,tarot cards
73739,Cavalryman turns back without thinking about us,hussar,container,hussar
30843,"Paddy takes it, being small",petit,container,petit
110483,Blend includes art arranged in rectangular array,matrix,container,matrix
58232,Turn evil during temperance drive by New Labour?,modernisation,container,modernisation
64335,"Rope, look, tethering donkey",lasso,container,lasso
9137,Force hospital into consortium,thrust,container,thrust
119364,Where top artists seek inclusion with nude?,intheraw,container,in the raw
21240,"The rock of ""rock, paper, scissors"" keeps right on top",first,container,first
12824,Charlie leaves boat for shrine,oracle,container,oracle
122095,"Solicitor nabs service people, securing title in contest",tournament,container,tournament
1219,Juliet's town is not on for her,vera,container,vera
21003,Insect burrowing into straight banana,plantain,container,plantain
20182,Skin disease going around English riding school,manege,container,manege
9485,It's an effort to go round Waterloo with it,trendy,container,trendy
96325,Swirling mist hides the way forward,immodest,container,immodest
93475,Smirks about power of social outcasts,lepers,container,lepers
16414,Nasty skin complaint through sprawling outside,bitchy,container,bitchy
73202,Falsely accused by FBI man about crash,framed,container,framed
115234,Excessive praise about Edward at university starting course for mature students,adulteducation,container,adult education
104625,Boy from the West in Scottish burgh,edwin,container,edwin
123401,Spicy stuff to read outside pub before lunch,cinnamon,container,cinnamon
43593,Like beauty of a sort with ooze about it,skindeep,container,skin deep
107689,"Politician, during progressive period, is acquiring intelligence",reconnaissance,container,reconnaissance
37564,Miracle drug for backside in trouble,elixir,container,elixir
7968,"A powerful man, the ambassador makes a pronouncement about cold",hercules,container,hercules
65680,Belief about view endlessly increasing,crescendo,container,crescendo
38417,"Refuse to ride horse, using whip",thrash,container,thrash
102956,Individual giant houses for Renaissance man,titian,container,titian
9206,"Continent, not island, shortly to be put in geography book",atlantis,container,atlantis
4790,Beefy type crosses state to find gem,onyx,container,onyx
124445,Began to wriggle around in truck,loganberry,container,loganberry
126215,Hot glow of anger in experience with BA?,firelight,container,firelight
40719,Secretary in the States is a sap,upas,container,upas
70011,Vulgar American four entertained by their President no longer,abusive,container,abusive
45410,A number observed outside happening,seventeen,container,seventeen
57257,Labour to keep arbitrator in clover,trefoil,container,trefoil
80682,Left in peace at a square in Madrid,plaza,container,plaza
60885,Plan to secure new role is adequate,tolerable,container,tolerable
122333,Sweet things in book collection most delightful,nicest,container,nicest
12474,Responsible for what's inside fuse,behind,container,behind
52202,"Brought up changes to delete, outlining state",elevated,container,elevated
61366,Flinch from having bell in church,cringe,container,cringe
1970,"Primate swallows vegetables to satisfy hunger, perhaps",appease,container,appease
2724,Frail insect eating a single document,flimsy,container,flimsy
85826,Grass home for d-devil housing an explosive,indianhemp,container,indian hemp
45774,Fliers distributed; sheet contains mockery,persiflage,container,persiflage
117667,"Moan, if drink's drunk hot",whine,container,whine
45657,Artist twice entering dock,cubist,container,cubist
131162,"Digit's good, dividing number reportedly better",forefinger,container,forefinger
116658,Is card between pair of diamonds swell?,distend,container,distend
8739,Gather there no getting out of hell,infer,container,infer
141937,Place vessels around large plot,layplans,container,lay plans
107597,"They grip food, both hands stuffed inside edges",pliers,container,pliers
142221,"Having coat on boat, catching river fish",mackerel,container,mackerel
141187,A king boarding plane that's less reliable,flakier,container,flakier
7682,Stake fixed by partners in French city,nantes,container,nantes
84399,"One saving another animal, implanting organ",deliverer,container,deliverer
20821,"Midge swallowed by medic, an artist",durer,container,durer
87715,Doctor maintained by benefit gets an easy ride,doddle,container,doddle
79361,Tenor's heart evident in doleful lament,monody,container,monody
68454,Bit good to split seed with first of tools,segment,container,segment
64611,Performed by singers restraining novice with a sedative,chloral,container,chloral
91258,Fruitcake's quality was keeping cows in gas,wackiness,container,wackiness
139161,"What you might need, when at first you spot wasp in apartment",flyswat,container,flyswat
31814,Coward takes in catch coming back in the Med,lebanon,container,lebanon
63445,Family member that's wearing glasses,species,container,species
48057,Silver in heavenly ornament,astragal,container,astragal
50596,Green fabric bags I almost go crazy about,ecological,container,ecological
85528,Priest holding bird's bone,femur,container,femur
139761,In favour of US president sacking Democrat,for,container,for
67491,"Old god not entirely into dance, a wasted evening?",boozeup,container,booze up
114950,Large area runs round European court,hectares,container,hectares
139973,"What solicitor did, brought in to defend international group",importuned,container,importuned
97755,Girl's call about fruit,cherry,container,cherry
89985,Avoid bog in river crossing,forfend,container,forfend
98134,"Fish to go off course, one no good getting caught",stingray,container,stingray
8449,"Kind of bun, besides, being dunked?",chelsea,container,chelsea
90758,Time in ugly retreats,hideouts,container,hideouts
53347,Period of trouble keeping control of image,april,container,april
132622,Doc embraces member backing eastern chum,comrade,container,comrade
125566,Upset Poet Laureate during illness,displease,container,displease
110875,Loan sharks supply drug addicts around the city,usurers,container,usurers
77923,A doctor full of filth - potential abuser of patient?,admirer,container,admirer
22005,Old poser showing bit of leg accepting money for kiss,sphinx,container,sphinx
7467,Pin prick finally punctures needlewoman,skewer,container,skewer
26276,"One given bird, gripped by desire for string of offences",crimewave,container,crime wave
52308,What's distressing volunteers protecting room full of gold?,trauma,container,trauma
8032,"Couple have right to seperate, that's plain",prairie,container,prairie
134994,Louisianan prison guards just reduced by half,cajun,container,cajun
140110,Newspaperman about to participate in challenge,dacre,container,dacre
84863,FBI agent holding rule to be unsound,flawed,container,flawed
74773,Scientist is sick in basket,boffin,container,boffin
5211,Crack very visible in bottom of shoe,solve,container,solve
118552,"Bloody woman holding heads of people and lowering beneath river, perfect",exemplary,container,exemplary
20318,Movement of man in hazard,andante,container,andante
92371,"Note bum note, including note right now",atonce,container,at once
75363,"Melodious piece of English used in Peterborough, formerly",songlike,container,songlike
103454,Arab channel now received in smart part of London,wadi,container,wadi
123079,Capital overly protecting the state,tokyo,container,tokyo
41874,Charge again to see large duck in show,reload,container,reload
70444,Preserve weapon a boy found in Eastern state,marmalade,container,marmalade
118536,New student's missing father somewhere in Surrey,esher,container,esher
15226,"Canal worker, one doomed to carry fallen idol?",gondolier,container,gondolier
54103,Girl putting screen round painting,grisaille,container,grisaille
67522,Contract put away during evaluation,treaty,container,treaty
106569,"Society girl embraces friend, a noted fellow",schumann,container,schumann
72680,Very important to make everybody sing about a mad man,worldshattering,container,world shattering
32410,People accepting alternative hypothesis,theory,container,theory
124889,Ring in copper polished and protected,cushioned,container,cushioned
20034,Orthodox geometrical adjective describing a cardinal point,canonical,container,canonical
124294,Nothing wrong in displays - things just seeming to be wrong?,paradoxes,container,paradoxes
12257,Portion of object found in article,tithe,container,tithe
133411,Safe container for tungsten alloy,pewter,container,pewter
77134,"Country reflected in outskirts of Brasilia, South American capital",bogota,container,bogota
10628,Solitary individual caught between opposing sides,loner,container,loner
37802,"The top pub in the place, perhaps",pinnacle,container,pinnacle
122407,Red colouring of Minnelli caught in unexpected rain,alizarin,container,alizarin
105154,"European seen in London club, a place that attracts many",mecca,container,mecca
36107,A poet penning nothing on a ship,aboard,container,aboard
75470,Prevent Alan forsaking star,debar,container,debar
97615,Bloody beautiful woman secures ring,venous,container,venous
4335,Cleric rejecting company of cleric,dean,container,dean
38543,Height of land round ancient city,stature,container,stature
127470,Chain Hitler's men required to restrain old comedian,starbucks,container,starbucks
129294,"Funny man provides wine, holding party in Africa",hancock,container,hancock
59575,"One lacking love and pain, sitting in a home",nesting,container,nesting
128049,"Mistakes turning up - cold, horrible Geri splitting band",spicegirls,container,spice girls
34978,Advance warning about the foreign taste,predilection,container,predilection
51282,English lad gathers new wood,ebony,container,ebony
5737,Sailor bitten by little rays,starlight,container,starlight
104335,Graves possibly enveloped by endless lament in Washington or Berlin,irving,container,irving
32874,Sailor entertains son for emperor,tsar,container,tsar
16670,A shark is certain to be found in the city,usurer,container,usurer
131187,Scotch queen protected from displaying facial hair,whiskery,container,whiskery
128168,Private doctor comes in this month,inmost,container,inmost
108952,Rose drove quickly round the rabble,sprouted,container,sprouted
95344,"Cringe to be in debt, going into credit",cower,container,cower
106256,"Trusted friend's name appearing in end of Act I, possibly",confidante,container,confidante
108069,A number return into stronghold in the van,foremost,container,foremost
14900,Refined individual in Holland cleared out,honed,container,honed
50630,Rapid rise in high spirits - blackleg almost taken in,escalation,container,escalation
1150,He will be embraced by wildly ardent disciple,adherent,container,adherent
51326,The bloke's embracing crossword setters' voluptuous women,houris,container,houris
133270,Silent hiding place for pipe,musette,container,musette
129967,Kit appears in show with animals - he's no friend of Othello,roderigo,container,roderigo
48839,Beer is consumed in passageway,aisle,container,aisle
131944,They combine in angry speeches about energy legislation,reactants,container,reactants
107388,City needs to give permission to carry document,omsk,container,omsk
64356,Lying bum flogged modern houses,recumbent,container,recumbent
118597,One called up for floater in river,draftee,container,draftee
38091,Writer and architect clad in decorative fabric,lawrence,container,lawrence
47745,Weak and ineffective insect swallowed a pair of bees,flabby,container,flabby
128298,Vouch about Southey's first rhyme,versify,container,versify
93050,A guard contracts sickness in profusion,affluence,container,affluence
29586,Distance Tory leader goes into pond,metre,container,metre
93997,Earth on limb in part that makes footballers go down,relegation,container,relegation
129692,Stale when married? That's about right,tired,container,tired
56287,"Close to Sidney, half-disguised in a meeting",beside,container,beside
141975,Keeping any driver from parking bum in ringside seat,pedestrianising,container,pedestrianising
55990,Creature in river?,hippo,container,hippo
23337,Officer is eating meat of antelope,chamois,container,chamois
35223,Aimlessly draw benefit after swallowing overdose,doodle,container,doodle
122143,Snack done perfectly that is providing sandwich for son,toastie,container,toastie
139725,"Increasingly nervous, one pierces top",jumpier,container,jumpier
84805,Soldier enters top twenty in France,chartres,container,chartres
20514,Instructive tale about academic not beyond forgiveness,pardonable,container,pardonable
34327,"If cold in the country, use this fur",chinchilla,container,chinchilla
85730,Personnel including family groupings back in the Renaissance,rebirth,container,rebirth
36075,Swine has large following in capital,belfast,container,belfast
10056,Every bill coming in he sent back,each,container,each
35905,Penny-pinching meal's great,super,container,super
2996,Wise man conceals women's article in Dorset,swanage,container,swanage
2694,"Marked and marked, keeping one constant",noticed,container,noticed
34108,Old uncle embraces Anglican compere,emcee,container,emcee
5154,Anteater buried nose initially inside one climbing,echidna,container,echidna
124649,Cockscombs getting time off in civil service,crests,container,crests
111969,Little creature goes in to road engineer,telford,container,telford
138385,"Produced positives and negatives when treated as a celebrity, going topless?",ionised,container,ionised
125594,Relation bitten by wild dog - almost frightening!,daunting,container,daunting
30708,Politician protected by first-class defence,alibi,container,alibi
27726,Literary giant in the cave of Trophonius,despair,container,despair
90319,Left in charge but run away,flee,container,flee
61139,Muffler quietly placed between auditory orifices,earplug,container,earplug
40600,Florida resort without a role for a soprano,mimi,container,mimi
67348,Backtrack with Poles moving in …,sponsor,container,sponsor
75132,French city or town Austrian leader captured,orleans,container,orleans
16695,Friar Tuck runs into trouble,brother,container,brother
119505,Sea god suppressing yen to attempt seduction,tryiton,container,try it on
111452,Knight risked capturing Stuart queen,banneret,container,banneret
47008,Pig's head in cream - recipe sent back by member of class,reptile,container,reptile
98988,Trouble in bed? Politician's nail breaks,complaint,container,complaint
31555,"Trudge past Ireland, land not visible in a storm",traipse,container,traipse
91002,A rook nested in smaller species' overcrowded area,warren,container,warren
37943,"Followed girl, within reason",ensued,container,ensued
127737,Vehicle wound round a bird,salooncar,container,saloon car
90489,Skilled amateur in union creating scene,tableau,container,tableau
69264,Something to serve as intelligence about the sovereign,writ,container,writ
109915,Go without a garment in parody,travesty,container,travesty
42513,Learner encountered bad weather in driving area,trainee,container,trainee
132478,How much of the main substance is present? It's madness to include lithium,salinity,container,salinity
119723,After start of play lady embraces man in the gods,pantheon,container,pantheon
25867,"Look, chaps - round, juicy fruit!",melon,container,melon
12371,Hoop of iron - not the orthodox form,fringe,container,fringe
12819,Old people entertaining Latin soothsayer,oracle,container,oracle
82848,"Pour drink, leaving a bit of sediment in the top part",descant,container,descant
76236,Soldier tucked into old crone's dish,haggis,container,haggis
133614,Drunkard scoffs extremely luscious desserts in biannual events,solstices,container,solstices
139994,Lifts paper he's holding,hefts,container,hefts
41998,Uproar about one's bill,noise,container,noise
73359,Catty remark about a party in a field,meadow,container,meadow
101749,The Queen installing a swimming pool in a sacred spot,halidom,container,halidom
48774,A Liberal in prison,caliban,container,caliban
47214,Rotten theologian in crooked deal,addled,container,addled
81507,Chuck set about old clergyman? That's badly done!,shoddy,container,shoddy
36341,One dressed in black: flipping stoned mourner?,niobe,container,niobe
117765,Will find postal order in one's wallet,purpose,container,purpose
118612,Upholders of glass ceiling are on board,sexists,container,sexists
135737,Love sex from behind hugging old singer's wife,yokoono,container,yoko ono
10870,"Alluring, full of Eastern sparkle",gleam,container,gleam
82468,Rookie wearing militia's diving gear,scuba,container,scuba
120427,First lady wears clothes of satin - they were magnificent in the film,seven,container,seven
7251,Spirit captures wild gnu in swamp,engulf,container,engulf
75268,Advantage securing a judge in contact with ground level,barefoot,container,barefoot
74411,Refusal of agreement to keep Irish province,denial,container,denial
69160,"Money once pocketed by runner sent back, it's learned",educated,container,educated
35683,Sound smack around whelp's head,twang,container,twang
91211,Top worn by a barbarian,beast,container,beast
52867,Old ascetic drinks cold spirits,essence,container,essence
44539,American coach keeps bill for calculator,abacus,container,abacus
18522,"No parking in front of club, say",utter,container,utter
36703,"Not late, but nearly lost a point",early,container,early
127562,Old houses terribly dry east of Edinburgh's outskirts - so dry,dehydrated,container,dehydrated
88637,He won't get out quickly with one iron in both hands,lifer,container,lifer
43999,Smash hit enthralling an island republic,haiti,container,haiti
19766,German city circulating a list of necessities,essentials,container,essentials
3600,Make a fuss about the centre of Dartmouth - a Devonshire speciality,creamtea,container,cream tea
2071,Novice appears in the Seraglio in New York,harlem,container,harlem
17375,Scribe has last word about a new university attended by relative,amanuensis,container,amanuensis
89966,"West going north trapped by minor crush, easily sickened",squeamish,container,squeamish
24443,"Triumphant cry, eclipsing old record top mark",alpha,container,alpha
138902,"I punch counter, grabbing hot veggie snack",bhaji,container,bhaji
38472,Mug against accepting love token,coupon,container,coupon
67449,Priest taking musical toy round city in Michigan,kalamazoo,container,kalamazoo
12804,Moralist girl entertained by joke,puritan,container,puritan
2605,Right to include one in cultural curio,rarity,container,rarity
138371,Political supporter's note secured in advance,commie,container,commie
80246,"Imagines one goes out with potential partners, trapping a quarter",ideates,container,ideates
35997,Wickedness? What's boring about wickedness?,devilry,container,devilry
14685,"Drunk left in the end, cut short",blotto,container,blotto
39516,"Stream let out, rising again",resurgent,container,resurgent
106264,Number of political leaders won't admit embracing Conservative inclination,tendency,container,tendency
32193,One's getting in support to carry on the fight,resist,container,resist
62132,Restraint that's surprising after company stops one retiring,economy,container,economy
82461,Quiet inside with sergeant major outside,stumm,container,stumm
48999,"Indication of intelligence in, for example, this coterie",clique,container,clique
120763,Lots of celebrations outside Japanese school,dozens,container,dozens
37074,Taste before consuming popular fruit,tangerine,container,tangerine
101036,Flourishes as spring comes in,abounds,container,abounds
45844,Joke about money results in student's punishment,gating,container,gating
101271,One wanders round hospital for waste containers,ashtrays,container,ashtrays
69217,Horse's rump given whip around third part of course,croup,container,croup
66687,Record answer given by councillor entering race,transcribe,container,transcribe
30810,Innocent one in church body,naive,container,naive
137757,Browned dish - stuff with posh filling,saute,container,saute
125181,One who struggles with pages in larger novel,grappler,container,grappler
35703,"Food, hot beef sandwiches",chow,container,chow
83467,"Old lover, informal clothes, topless, far from erotic",asexual,container,asexual
135078,Migrants are found in boat,tuareg,container,tuareg
121496,Boy interrupted by horrible woman was nervous,twitched,container,twitched
9035,Show time in the butler's room,pageantry,container,pageantry
72172,Nice expensive copy inside - not so expensive,cheaper,container,cheaper
19382,Unique shellfish sailor discarded,alone,container,alone
135053,Drum one doctor found in short story,timbal,container,timbal
20513,Bible story about fellow deserving forgiveness,pardonable,container,pardonable
82703,"The Spanish, say, take time out to find a deputy",delegate,container,delegate
134545,"Lower position defining party, a dinosaur",diplodocus,container,diplodocus
121007,Youngster from Australia secures place for Ashes tour,journey,container,journey
53755,Condescend to include second arrangement of lines or shapes,design,container,design
92827,"Relating to the elements, reaching exciting conclusions once carbon's extracted",climatic,container,climatic
11088,Bird discovered by dramatist outside Los Angeles,ortolan,container,ortolan
39219,"Study in group including, leading politician",inspect,container,inspect
33811,A singular error masks good attribute,assign,container,assign
96084,Country retreat to house a senior churchman,ruraldean,container,rural dean
37360,"After climbing, broadcaster screens running for ages",yonks,container,yonks
44091,On the lookout for six pounds invested in big one,vigilant,container,vigilant
69250,"Depressed and, swallowing hard stuff, expired",dispirited,container,dispirited
105877,South African doctor brought in by military aircraft,bomber,container,bomber
105189,Vehicle runs into parrot,lorry,container,lorry
10036,Bank stopping competition to make big profits,cleanup,container,clean up
67056,Ratty and Mole holding up a pick-up truck,petulant,container,petulant
79446,Emperor's function to keep rule in India,trajan,container,trajan
38647,Restrain third man outside hospital,chain,container,chain
35926,Fish a politician found in cabin,halibut,container,halibut
33213,Temporary home for cheeky kids without boundaries,camp,container,camp
16510,"Callas losing head in ""Your tiny hand is frozen""?",aria,container,aria
60680,A lot of pain keeping a chair for an unwanted guest,tapeworm,container,tapeworm
66615,Madonna with Child in stonework,masonry,container,masonry
12168,Anglican keeps rodent in chest,crate,container,crate
76679,Call for energy in mountain climb,plea,container,plea
70489,Swiss food man's consumed right before,gruyere,container,gruyere
20915,Diver finding short answer in business combine,merganser,container,merganser
13312,Person in support of leader,pioneer,container,pioneer
124486,British in contest felt atmosphere,vibe,container,vibe
71027,Government adopts trade union legislation,statute,container,statute
93734,"Small group covering article in soil, turned over",triad,container,triad
18511,"Golf club lacks parking, say",utter,container,utter
131331,Lincoln's habit of putting everything into the other thing?,tallhat,container,tall hat
89808,"In confines of space, weightless? Drift off",snooze,container,snooze
36505,Penny goes into market for a while,spell,container,spell
4818,Relative English written in French resort,niece,container,niece
97861,"Leaving university, coming out with this?",debt,container,debt
10399,Say there's nothing in immorality,voice,container,voice
45004,Energy input to something growing in the earth?,planet,container,planet
130793,Everything seized by Asiatic invader thrown over ravine,nullah,container,nullah
86651,"Expand highway to be inside bend, nearly",broaden,container,broaden
44426,Don't have a place for rubbish outside the station,abstain,container,abstain
124256,"Ultimate in rejection that hurts, partners claimed something unique",nonsuch,container,nonsuch
123041,"Puzzle is Boatman's tale: love lost, embracing life at last",mystery,container,mystery
38266,Cuts little bits of enamel article into flower,teethes,container,teethes
74075,Foreign money found in scrap by chance,atrandom,container,at random
72484,We object - A&E's good in practice,usage,container,usage
47294,Earnestly ask what's inside nest in tree,beseech,container,beseech
89159,Way to cook potatoes required game inside,duchesse,container,duchesse
99484,Imagine old favourite catching cold,expect,container,expect
95917,Farm animal in support bandage looking bad-tempered,scowling,container,scowling
117823,Quiet girl holds record,repose,container,repose
25023,Pick up article in valley,glean,container,glean
22095,Footwear worn by English stars,bootes,container,bootes
69698,Unknown taken in by eccentric man that can be taught to speak,myna,container,myna
89355,Like sick child keen to hug provider of books,croupy,container,croupy
96072,"Boy carries small change for a Euro, which is odd",eccentric,container,eccentric
134451,Solitary man guarding front of goal going into extra time,longer,container,longer
39376,Exciting excursion for a fellow in women's clothing,safari,container,safari
95601,Agricultural equipment's loose ends in pub,baler,container,baler
42620,Smack with Ecstasy kept under the hatches,below,container,below
99873,Protection for a king in love,armour,container,armour
69510,Child to accept sign of disapproval as well,toboot,container,to boot
25995,In the dark about knight wearing regimentals,uninformed,container,uninformed
132932,Suspect it's injected to prepare for a reaction,sensitise,container,sensitise
108436,Put sparkle into receding Fenland river around some villages,enliven,container,enliven
86360,"Forceful strain, including Thatcher first and last",strong,container,strong
130102,A cur ill-disposed to get into festivity - more so than usual,particularly,container,particularly
69860,Composer cutting out four characters in opera,tosca,container,tosca
81626,Tailless predator that flies round America goes to European city,lausanne,container,lausanne
125871,"They expose limbs, given sweets - is drink included?",miniskirts,container,miniskirts
36474,"West's out of season, getting put into a hole",inter,container,inter
87247,Assurance from a doctor about pallor in odd places,aplomb,container,aplomb
139611,"Acting, but troubled inside and lacking confidence",doubting,container,doubting
6104,Start consuming a meal,launch,container,launch
54684,Mark climbing positions beset by bad omens,semicolon,container,semicolon
30542,Jaws about first Egyptian pyramid builder,cheops,container,cheops
47597,Student of the sun absorbing extremes of temperature,scholar,container,scholar
37561,Team in Ireland jogged and avoided special preparation,elixir,container,elixir
130284,"Dogs consuming bit of fruit - beginning to eat, they expel gas in America",tailpipes,container,tailpipes
117467,Noise as a geek secures the cross-channel server,dinnerlady,container,dinner lady
70872,Knowledge about a hot place in Pakistan,lahore,container,lahore
18198,Old jerk in time for peep show?,erotica,container,erotica
117764,Aim to find money bag outside post office,purpose,container,purpose
32004,Dear little rodent coming back into place of rest,beloved,container,beloved
27897,Looked hard about m-me as I did so?,stammered,container,stammered
106412,Snoops around for sign of Zorro's treasures,prizes,container,prizes
135906,Worry about Tory leader joining large organisation restricting free trade,cartel,container,cartel
136454,Extra papers in the Guardian,wide,container,wide
29869,"Soldier involved with girl, which is painful",angina,container,angina
90465,Deprived of feather (initially) in cap,bereft,container,bereft
84473,Gives access to passages round mountain top,admits,container,admits
29630,"Greed is a weakness, a redhead admitted",avarice,container,avarice
126522,Descent of Democrat excluded from transfer of power,evolution,container,evolution
18054,Waif shows vital energy when boarding vessel,urchin,container,urchin
69849,Expression of surprise about a publication in Ulster,omagh,container,omagh
40432,Study that is occupied by archdeacon with New Testament handy,convenient,container,convenient
110556,"Well woman visits teacher, missing a university",gusher,container,gusher
26830,Object when wearing torn clothing,raiment,container,raiment
56328,"With, for example, outside influence",sway,container,sway
35408,"Drive mad queen into jeopardy, almost",derange,container,derange
116490,"Without help at first, is unable to sing",chant,container,chant
53293,"Robbed a craftsman, holding up a series of shops",arcade,container,arcade
79362,"One quarter into gloomy, mournful song by soloist",monody,container,monody
82514,"Heartless love, something superficial and hard about it",callous,container,callous
81907,Bread gets left inside jar,clash,container,clash
77274,"""John holds me"" - this leads to correction or clarification",imean,container,i mean
17590,Sturdy old banger's bonnet covered in iron oxide,robust,container,robust
91859,"Scorer of double hat trick, entertaining pinnacle of Elland Road",verdi,container,verdi
878,Quote cut during actual performance,recital,container,recital
48594,It's hard to understand a goody getting right into evil behaviour,abstruse,container,abstruse
20370,He endeavours to sit astride horse and set off,trigger,container,trigger
134355,Spending two days gardening with inside knowledge,weekending,container,weekending
52416,Wild animal best caged initially when on board,bobcat,container,bobcat
28331,Something causing wound? Material initially sent up includes absorbent fabric,splinter,container,splinter
114467,Records including your old string players,lyrists,container,lyrists
2258,Hinted setter's bed contains a lot of bugs,implicit,container,implicit
29634,A right in a wrong is still a wrong,avarice,container,avarice
25868,People about to see fruit,melon,container,melon
65503,Critic sounds full of disgust at the bloodshed,slaughter,container,slaughter
69303,Discriminatory fifth-rankers catching seventh note,elitist,container,elitist
66563,"Swiss banker consumes carved roast, being a man of taste",gastronome,container,gastronome
112392,Spot representative in stately home,pimple,container,pimple
651,Love in its present form is a bit green,oasis,container,oasis
54907,Head grasps the point: make it stick,paste,container,paste
104906,"First man on planet keeps side, which is to the left",marxism,container,marxism
35,Article involving misrepresentation of foreigner,alien,container,alien
117596,Air that way maintains right height for bird,songthrush,container,song thrush
135756,Intended to put one's name in a legal document,designed,container,designed
27407,Scumbag in wingless car?,heel,container,heel
82444,New song about knight in realm of fantasy,narnia,container,narnia
138922,Nectar: it's spread around top of pork crackling,crepitant,container,crepitant
9203,Swimmer cut grass round hotel,minnow,container,minnow
80127,"Thought highly of, but always dipping into wine",revered,container,revered
73619,Germany in with broadness of beam,width,container,width
86844,Note carrier soaked and all in,wallet,container,wallet
64123,Man of the cloth always involved in split,reverend,container,reverend
88001,"Inflict a soaking, though partner keeps rain off",marinate,container,marinate
115850,"Take part, bagging large total",complete,container,complete
78139,Isolates wavy lines between quarters,enisles,container,enisles
62215,Plain sailing finally during month without leadership,ugly,container,ugly
87976,Swallowed piece of pineapple complete outside pub,wateringhole,container,watering hole
78760,Tea ladies initially interrupted by exercises in place of worship,chapel,container,chapel
92988,"Gad about, dashing round eastern half of Kyiv",gallivant,container,gallivant
106980,"Extremes of terror in air - with weapons, treats violently",strongarms,container,strong arms
26191,Promoter and mentor keeping Egyptian leader right,advertiser,container,advertiser
22634,Poet almost keeping America in a state of excitement,suspense,container,suspense
130283,Forced to admit routine is rehearsed,practised,container,practised
56851,"Having scratched bottom, chance to embrace scent around rear of khazi, causing inflammation of nose",rhinitis,container,rhinitis
49462,Skipper goes round southern island missing bit of ship's apparatus,capstan,container,capstan
84439,Submission of guard protecting royalty,deference,container,deference
118955,Officer and ordinary soldiers locked in toilet,commodore,container,commodore
113399,Fast food preserver contracts nasty disease,tvdinner,container,tv dinner
37800,Top student is in a small boat,pinnacle,container,pinnacle
117609,Is East in time for puzzle?,disorientate,container,disorientate
70273,A centre for research into breadfruit,calabash,container,calabash
67712,Vehicle reversed into animal,cracow,container,cracow
122050,"Title for chap guarding queen, in a way",manner,container,manner
69164,"Principles of writing, including what is said",morals,container,morals
80545,Extreme cunning restraining bore,arrant,container,arrant
120352,Stand by Jack in some evacuated capital,skopje,container,skopje
50316,Drag prince round university,haul,container,haul
136488,"""It's stifling in Post Office"", newspaperman snapped",photoed,container,photoed
80574,Part of the UK restricted by offensive discipline,punish,container,punish
109173,Pop's spiked with most of whiskey spirits,dryads,container,dryads
18720,"Between partners at the table, knock back 'umongous drink",negus,container,negus
30023,RAF man sitting inside only console,solace,container,solace
65031,Make about a thousand burn,cremate,container,cremate
13480,Quick to contain injury in dispensary,pharmacy,container,pharmacy
113982,"A lot of explosive, too unstable in the oven",kiloton,container,kiloton
18346,Intelligence in Egyptian town centre obliterated by booze,liquor,container,liquor
136265,Drink claiming Australian with large belly,paunch,container,paunch
127525,Revered ring for ace is sunken,hollowed,container,hollowed
140073,"Business people, a number getting to grips with shattered dreams",tradesmen,container,tradesmen
105434,Ally has no right to be an evil one,fiend,container,fiend
66665,Artist right about bird,corot,container,corot
92963,Leave note in it for mum,quiet,container,quiet
134054,"Lunatic put away - having admitted mistake, I succeeded",madeagoofit,container,made a go of it
48976,Drunk? Turf out of employment!,soused,container,soused
77921,Maiden ensnared by a more desperate stalker?,admirer,container,admirer
86085,Bad part of summer at its height in American city,naughty,container,naughty
124818,One by one is full of blubber without exception,sweepingly,container,sweepingly
8811,This may bore lawman caught up in affray,bradawl,container,bradawl
10032,"It's key to adult having fun around Hull or Grimsby, say",seaport,container,seaport
103835,"Instruments to put ""p"" into pastries",pipes,container,pipes
101871,Sixties' scooter rider claiming one dropped trousers,mooned,container,mooned
135555,Street swamped with drugs in extensive area of Manhattan,westside,container,west side
101868,Planet invaded by second alien simian,marmoset,container,marmoset
89517,Being behind crime in wood,losing,container,losing
62531,Empty sheep range,roam,container,roam
82296,"Former love, born female, male on the inside",onetime,container,one time
45803,Queen tucks into fish and lamb,cherub,container,cherub
1315,Wine store is a short distance in vehicle,cellar,container,cellar
71935,Weakness turned centrist into God,debility,container,debility
56870,Gloomy otologist?,drear,container,drear
116299,Gore losing head in journey needs visual aid,floodlight,container,floodlight
36173,Appetite overwhelms commander that will eat everything,locust,container,locust
48314,"Currency? Ex officio, the City is included",euro,container,euro
114355,"Grim, beset by considerable smells",odours,container,odours
130989,No writer got into a row for a utensil,tinopener,container,tin opener
81191,Parent taking long and lyrical measure,modicum,container,modicum
22538,Line from Pearl Jam covers the lot,parallel,container,parallel
88160,Stock up with helpers in break,replenish,container,replenish
21519,"First of drugs put in place: ecstasy, then dope",sedate,container,sedate
138659,Book about killer not yet ready,tocome,container,to come
96162,Old instrument and piano at home in collection,spinet,container,spinet
134139,Inhales aroma permeating smalls,sniffs,container,sniffs
83700,Slough keeps articles enclosed,sheathed,container,sheathed
127544,Deals with crowds holding pacifist back,processes,container,processes
111940,"Necking drinks, pursue patter",salestalk,container,sales talk
128293,Brown hesitant about growth,swarthy,container,swarthy
68519,Loud insect drowning a request for silence,flashy,container,flashy
118931,"Invent stuff, fifty packed in boxes?",telllies,container,tell lies
123292,Bark at idiot in US intelligence,cassia,container,cassia
43836,"Spectrum of colour, lacking nothing",range,container,range
108716,A large number in crazy kerchiefs,bandanas,container,bandanas
96295,Checks about a hundred Fiats,edicts,container,edicts
87035,Swindler tours the borders of Modena,crimson,container,crimson
66085,"I call it sunscreen, externally applied",visitor,container,visitor
13524,Tune named after northern Scottish town,nairn,container,nairn
138118,"Comparing internal material, knife edges cutting through",likening,container,likening
10672,Two score win over thousands in nap,fortywinks,container,forty winks
5875,City street in comfort,chester,container,chester
71014,Singing voice wanting to hedge a bet with more than one melody,contrapuntal,container,contrapuntal
113381,Woman in high-pressure area within British company,bridget,container,bridget
91939,Locks guarding entrance to Scottish minister's residence,manse,container,manse
71034,Capital inwardly greeting Zambia's rootstock,rhizome,container,rhizome
8953,"Character with inclination for one toiletry, including iodine",italic,container,italic
10930,Teacher has time in jail,stir,container,stir
133579,Relishes crunching second mint,condiments,container,condiments
1032,My Lord has invested currency - big fish,grandee,container,grandee
95855,Tale about invalid being resurrected is likely to be wrong,fallible,container,fallible
100185,Don Juan is one friend of Mary Poppins in work,libertine,container,libertine
87259,Competently keeps back clutter in meeting,assembly,container,assembly
50947,Comprehensive school's centre in depression,thorough,container,thorough
129961,"It's challenged, if raised in a legal document",defied,container,defied
49968,"Deplete noise, including raffia curtains",drain,container,drain
41977,"I'm held up by a fool, which is wrong",amiss,container,amiss
130413,Pack one's cases right and there's loads of space,acres,container,acres
48074,Pig in fat calls for old port,larboard,container,larboard
69816,Composer taking egghead to river in swimsuit?,beachwear,container,beachwear
123595,Piece of furniture cook rearranged in HQ,bookcase,container,bookcase
59640,Bit of mosaic shows girl entertaining monarch,tessera,container,tessera
29384,State in which one repeatedly enters raving mad,virginia,container,virginia
32923,National schoolboy gobbling seconds,estonian,container,estonian
86110,Jade occupied by doctor's vocal quality,timbre,container,timbre
122065,First couple from Turner artist blocking the killing of animals in the name of art?,cultural,container,cultural
15192,"Bomb, say, catching European king from behind",grenade,container,grenade
124032,Signed agreement attached to ribbon held by queen?,concordat,container,concordat
81660,Unspoiled Hardy heroine is not a novice at heart,taintless,container,taintless
58292,The atmosphere in a small firm may be capital,cairo,container,cairo
113390,Bird ingesting large bean or nut,clock,container,clock
33600,Head of state protects saint from robber,rustler,container,rustler
78046,Thus carrying pet back and forth to be clipped,staccato,container,staccato
108105,Yes man finds three quarters to be in flower,assenter,container,assenter
68992,"Doctor on way, heroin injected carelessly",anyhow,container,anyhow
111894,"I have invested in a car, where a boat is needed",river,container,river
111106,Fat: apparently good to be inside a covering,lipid,container,lipid
73037,Surly drivel about king,gruff,container,gruff
69297,Pressurised nitrogen stored under shed,leanton,container,leant on
45103,Time to abandon cabs for Central line,axis,container,axis
119699,An awkward niggle surrounds gathering,gleaning,container,gleaning
130952,Piece of armour Shakespeare placed round topped and tailed fish,brassard,container,brassard
108298,Game requires holder to contain speed and gravitational constant,strategy,container,strategy
85190,Shrink admits a number of soldiers for assessment,judging,container,judging
34751,"Snake's exhausted, holding soldiers back",serpent,container,serpent
134954,"Raced round Bath, say, more than necessary",tospare,container,to spare
123937,Vote for including turn in TV show,xfactor,container,x factor
99049,Produce fertiliser concealing universal truth,manufacture,container,manufacture
98497,Munchy sound when male tucks into meat,chomp,container,chomp
101060,Accountant grasps tree in crater,caldera,container,caldera
132715,Way to infiltrate difficult meeting in secret,trysting,container,trysting
26224,Wait for veteran to strike out,holdit,container,hold it
122583,How solid is refuse around squat?,density,container,density
84721,Coming across party animals in short story,traversal,container,traversal
75929,Discharge Vietnamese leader in Laos settlement,salvo,container,salvo
9636,One in wig finding way through wall,barrister,container,barrister
73411,Curved feature in dog initially in dog,bowwindow,container,bow window
105618,Protecting Republican Party is a great deal for media mogul,murdoch,container,murdoch
83550,Competent scholar embraced by non-drinker takes cover,tablemat,container,table mat
118223,"Weed obscuring duck, work to see bird",hoopoe,container,hoopoe
13566,School evicting privileged lady from land,train,container,train
87812,"Game about an inch length, for a wonder",chinless,container,chinless
92015,Common sense is entering the world,realism,container,realism
11661,Individual without husband on this?,shelf,container,shelf
62605,"Poet, painter and illustrator left to cook hogs",blake,container,blake
24797,Building quarters inside a hill,tower,container,tower
57137,Set cryptic in press that was thrown out,jetsam,container,jetsam
13419,Water jug put back in sink for so long,farewell,container,farewell
139413,Throws light on problems besetting posh store,illumines,container,illumines
80053,Feel very cross with girl keeping support up,seethe,container,seethe
37267,Signals left out of things like this,cues,container,cues
4699,Bottom part of tree contains third of bark,breech,container,breech
111516,"One bill inside another, I conclude, may cause ill feeling",bacilli,container,bacilli
103801,"Girl held up by minders, those employed to look after her?",caretakers,container,caretakers
26822,Wear and tear about target,raiment,container,raiment
63651,Claims girl has been grabbed by boy,declares,container,declares
93158,Carnivore in the middle of thought in its head,cougar,container,cougar
73176,"Horse, non-starter, eating cold fruit",quince,container,quince
1189,Words of unseen talker putting love at the heart of immorality unduly,voiceover,container,voice over
92088,Give birth to male in experimental site,lamb,container,lamb
23530,Every artist embraces New Wave of sorts,permanent,container,permanent
109484,Follower runs back into safety location,acolyte,container,acolyte
84829,Part of hospital in coma,tranche,container,tranche
5581,Note short time taken in decorative work,crotchet,container,crotchet
88514,"Not straight, so against entering means",wavy,container,wavy
62045,Sombre without husband,dinghy,container,dinghy
39149,Men in bar requiring bottle,screwtop,container,screwtop
112116,"Ranked first by setter, name entered for Lady Bracknell, say",grandedame,container,grande dame
120964,Packets once holding right sort of decorations,streamers,container,streamers
7027,Girl in therapy for skin problem,craquelure,container,craquelure
7492,"Headgear a despicable person raised, taking one in",tiara,container,tiara
134775,"Times, say, shows these unpaid workers absorbing a newspaper",serifs,container,serifs
107953,"Resin you once brought back, carrying viral disease",epoxy,container,epoxy
99551,Fish around end of jetty as test,tryout,container,try out
53422,"An article about Macbeth, say",thane,container,thane
23319,Woman has a house in a dry area,sahara,container,sahara
74546,Singing a little way into the factory,plainchant,container,plainchant
113820,Oppose profits in butter,goagainst,container,go against
32139,Mistakes are holding sailor up,errata,container,errata
30918,It may be taken from a book but is about right,excerpt,container,excerpt
86050,The shrub to bend over in the river,oleander,container,oleander
106644,Man with limitless libido turns out to be an MP,miliband,container,miliband
30349,Svelte model held back by romance,lissome,container,lissome
43594,Superficial type involved in leak,skindeep,container,skin deep
109029,"Modern US writer is more sensible, holding nothing back",salinger,container,salinger
20851,"Undesirable neckwear having a bad result around club, right?",albatross,container,albatross
123048,Crossword fan put off taking on Times,dexter,container,dexter
48751,Expenses for excursions catching game,outgoings,container,outgoings
